品目コード,品名,ライン,ライン名,入目,流速,テンパ品,沃素価,KI,初回限定,最終限定,ストレッチ,予定数量,納期,チケットNO,備考,生産日,順番,slot,nouki_copy
25120028870,ﾌﾟﾚﾐｱﾑｼﾖ-ﾄ-CF(H),1205,ＳＶ,15.0,8000,,,,〇,,,12700,2022-06-12,K-202205-0240,副原料添加なし初回限定,2022-06-09,1,2022-06-09 07:20:00-->2022-06-09 08:56:00,2022-06-11
25224321060,PVｼﾖ-ﾄ(B) (6),1205,ＳＶ,15.0,8000,,,,,,,8000,2022-06-09,K-202205-0877,,2022-06-09,2,2022-06-09 09:16:00-->2022-06-09 10:16:00,2022-06-09
25244422870,ｲﾄｳIK-NT(H),1205,ＳＶ,15.0,8000,,,,,,,12700,2022-06-09,K-202205-1410,,2022-06-09,3,2022-06-09 10:36:00-->2022-06-09 12:12:00,2022-06-09
25211221060,ﾊﾟﾈﾘ-ｼﾖ-ﾄS (6),1205,ＳＶ,15.0,8000,〇,,,,,,12700,2022-06-11,K-202205-0327,,2022-06-09,4,2022-06-09 12:32:00-->2022-06-09 14:08:00,2022-06-11
25224021000,ABｼﾖ-ﾄ(PM),1205,ＳＶ,15.0,8000,〇,,,,,,12700,2022-06-13,K-202205-0879,,2022-06-09,5,2022-06-09 14:28:00-->2022-06-09 16:04:00,2022-06-11
25710722000,FPｼﾖ-ﾄLT2(15K),1205,ＳＶ,15.0,8000,〇,,,,,,12700,2022-06-13,K-202205-1414,,2022-06-09,6,2022-06-09 16:24:00-->2022-06-09 18:00:00,2022-06-11
25804821000,MB-ｻﾝﾄﾞｼﾖ-ﾄDX-TL(H),1205,ＳＶ,15.0,8000,〇,,,,,,12700,2022-06-13,K-202205-0355,,2022-06-09,7,2022-06-09 18:20:00-->2022-06-09 19:56:00,2022-06-11
25225621850,PVｼﾖ-ﾄEG(M),1205,ＳＶ,15.0,8000,,,,,,,12700,2022-06-10,K-202205-0251,,2022-06-09,8,2022-06-09 20:16:00-->2022-06-09 21:52:00,2022-06-10
26632521040,ｸﾗｳﾝ ﾗ-ﾄﾞ#300(ﾀﾞﾝ),1205,ＳＶ,15.0,8000,,,,,,,6000,2022-06-13,K-202205-0275,,2022-06-09,9,2022-06-09 22:12:00-->2022-06-09 22:57:00,2022-06-13
25801321870,MB-Pｼﾖ-ﾄCF8.1K(H),1205,ＳＶ,8.1,4000,,,,〇,,,12700,2022-06-13,K-202205-0272,副原料添加なし初回限定,2022-06-10,1,2022-06-10 07:20:00-->2022-06-10 10:31:00,2022-06-13
25120028830,ﾌﾟﾚﾐｱﾑｼﾖ-ﾄ-CF(S),1205,ＳＶ,15.0,8000,,,,〇,,,12700,2022-06-13,K-202205-0238,副原料添加なし初回限定,2022-06-10,2,2022-06-10 10:51:00-->2022-06-10 12:27:00,2022-06-13
25249621000,ｸｯｷｰｼｮｰﾄﾆﾝｸﾞ,1205,ＳＶ,15.0,8000,,,,,,,12700,2022-06-10,K-202205-0881,,2022-06-10,3,2022-06-10 12:47:00-->2022-06-10 14:23:00,2022-06-10
26611121000,ｸﾗｳﾝﾗ-ﾄﾞ#100K(ﾀﾞﾝ),1205,ＳＶ,15.0,8000,,,,,,,12700,2022-06-10,K-202205-0274,,2022-06-10,4,2022-06-10 14:43:00-->2022-06-10 16:19:00,2022-06-10
25282821000,ﾘｽｵｲﾙ,1205,ＳＶ,15.0,8000,,,,,,,12700,2022-06-10,K-202205-0322,,2022-06-10,5,2022-06-10 16:39:00-->2022-06-10 18:15:00,2022-06-10
25213221850,ﾁｴｽﾀ-77(H),1205,ＳＶ,15.0,8000,〇,,,,,,4000,2022-06-13,K-202205-0243,,2022-06-10,6,2022-06-10 18:35:00-->2022-06-10 19:05:00,2022-06-11
25224021000,ABｼﾖ-ﾄ(PM),1205,ＳＶ,15.0,8000,〇,,,,,,12700,2022-06-15,K-202206-0031,,2022-06-10,7,2022-06-10 19:25:00-->2022-06-10 21:01:00,2022-06-14
25802121000,MB-ｸﾂｷ-ﾄNT-K3,1205,ＳＶ,15.0,8000,〇,,,,,,6000,2022-06-15,K-202205-1441,,2022-06-10,8,2022-06-10 21:21:00-->2022-06-10 22:06:00,2022-06-14
25223325020,ｱﾒﾘｶｰﾅDX-TL,1205,ＳＶ,10.0,5400,,,,〇,,,6000,2022-06-13,K-202205-1407,初回限定,2022-06-11,1,2022-06-11 07:20:00-->2022-06-11 08:27:00,2022-06-13
25225523040,ICｼﾖ-ﾄ 12K(4),1205,ＳＶ,12.0,5400,,,,,,,6000,2022-06-11,K-202205-0053,,2022-06-11,2,2022-06-11 08:57:00-->2022-06-11 10:04:00,2022-06-11
25710721000,FPｼｮｰﾄLT2,1205,ＳＶ,15.0,8000,〇,,,,,〇,11600,2022-06-21,K-202206-0251,,2022-06-11,3,2022-06-11 10:34:00-->2022-06-11 12:01:00,2022-06-14
25222522030,ﾊﾟﾈﾘ-ｼﾖ-ﾄST-2-TL(32),1205,ＳＶ,20.0,8000,〇,,,,,,5000,2022-06-16,K-202206-0305,,2022-06-11,4,2022-06-11 12:51:00-->2022-06-11 13:29:00,2022-06-15
25230924870,ﾁｴｽﾀ-2000 10K (H),1205,ＳＶ,10.0,5400,〇,,,,,,8700,2022-06-18,K-202206-0060,,2022-06-11,5,2022-06-11 13:59:00-->2022-06-11 15:36:00,2022-06-17
25232924850,NCｼﾖ-ﾄ(DIR)(M),1205,ＳＶ,15.0,8000,,,,,,,12700,2022-06-13,K-202205-0253,,2022-06-11,6,2022-06-11 16:06:00-->2022-06-11 17:42:00,2022-06-13
25224321040,PVｼﾖ-ﾄ(B) (4),1205,ＳＶ,15.0,8000,,,,,,,12700,2022-06-13,K-202206-0142,,2022-06-11,7,2022-06-11 18:32:00-->2022-06-11 20:08:00,2022-06-13
25217621380,ｻﾝﾄﾞｼﾖ-ﾄNT (38ﾟC),1205,ＳＶ,15.0,8000,,低沃素価,,,,,12700,2022-06-14,K-202205-1475,,2022-06-11,8,2022-06-11 20:38:00-->2022-06-11 22:14:00,2022-06-14
25220421830,TRｼｮｰﾄSEJ2(S),1205,ＳＶ,15.0,8000,,,,〇,,,12700,2022-06-15,K-202206-0059,副原料添加なし初回限定,2022-06-13,1,2022-06-13 07:20:00-->2022-06-13 08:56:00,2022-06-15
25132325870,ﾌﾟﾚﾐｱﾑｼﾖ-ﾄCF 10K(H),1205,ＳＶ,10.0,5400,,,,〇,,,12700,2022-06-15,K-202205-1466,副原料添加なし初回限定,2022-06-13,2,2022-06-13 09:16:00-->2022-06-13 11:38:00,2022-06-15
25800421830,MB-ﾌﾟﾚﾐｱﾑｼﾖ-ﾄ-CF(S),1205,ＳＶ,15.0,8000,,,,〇,,,12700,2022-06-16,K-202205-1546,副原料添加なし初回限定,2022-06-13,3,2022-06-13 11:58:00-->2022-06-13 13:34:00,2022-06-16
25120028870,ﾌﾟﾚﾐｱﾑｼﾖ-ﾄ-CF(H),1205,ＳＶ,15.0,8000,,,,〇,,,12700,2022-06-16,K-202205-1460,副原料添加なし初回限定,2022-06-13,4,2022-06-13 13:54:00-->2022-06-13 15:30:00,2022-06-16
25120028830,ﾌﾟﾚﾐｱﾑｼﾖ-ﾄ-CF(S),1205,ＳＶ,15.0,8000,,,,〇,,,12700,2022-06-16,K-202205-1448,副原料添加なし初回限定,2022-06-13,5,2022-06-13 15:50:00-->2022-06-13 17:26:00,2022-06-16
25249621000,ｸｯｷｰｼｮｰﾄﾆﾝｸﾞ,1205,ＳＶ,15.0,8000,,,,,,,12700,2022-06-13,K-202205-0257,,2022-06-13,6,2022-06-13 17:46:00-->2022-06-13 19:22:00,2022-06-13
25249921000,ﾊﾟﾈﾘ-PV(13),1205,ＳＶ,15.0,8000,,,,,,,12700,2022-06-13,K-202205-1411,,2022-06-13,7,2022-06-13 19:42:00-->2022-06-13 21:18:00,2022-06-13
25306521830,ﾘｽﾌﾚ-ﾃSP-Ⅱ(S),1205,ＳＶ,10.0,5400,,,,,,,6000,2022-06-13,K-202205-0264,,2022-06-13,8,2022-06-13 21:38:00-->2022-06-13 22:45:00,2022-06-13
25120028830,ﾌﾟﾚﾐｱﾑｼﾖ-ﾄ-CF(S),1205,ＳＶ,15.0,8000,,,,〇,,,12700,2022-06-16,K-202205-1447,副原料添加なし初回限定,2022-06-14,1,2022-06-14 07:20:00-->2022-06-14 08:56:00,2022-06-16
25120028830,ﾌﾟﾚﾐｱﾑｼﾖ-ﾄ-CF(S),1205,ＳＶ,15.0,8000,,,,〇,,,12700,2022-06-16,K-202205-1446,副原料添加なし初回限定,2022-06-14,2,2022-06-14 09:16:00-->2022-06-14 10:52:00,2022-06-16
25286621830,EZｼﾖ-ﾄﾆﾝｸﾞ(S),1205,ＳＶ,15.0,6000,,,,〇,,,12700,2022-06-18,K-202205-1517,副原料添加なし初回限定,2022-06-14,3,2022-06-14 11:12:00-->2022-06-14 13:19:00,2022-06-17
25317521870,ｼﾖ-ﾄﾆﾝｸﾞYA-III(H),1205,ＳＶ,15.0,8000,,,,〇,,,12700,2022-06-18,K-202205-0914,副原料添加なし初回限定,2022-06-14,4,2022-06-14 13:39:00-->2022-06-14 15:15:00,2022-06-17
25244422870,ｲﾄｳIK-NT(H),1205,ＳＶ,15.0,8000,,,,,,,12700,2022-06-14,K-202205-1500,,2022-06-14,5,2022-06-14 15:35:00-->2022-06-14 17:11:00,2022-06-14
25220221000,ｼｮｰﾄﾆﾝｸﾞCC,1205,ＳＶ,15.0,8000,,,,,,,12700,2022-06-14,K-202206-0035,,2022-06-14,6,2022-06-14 17:31:00-->2022-06-14 19:07:00,2022-06-14
25711121380,ﾓ-ｾﾞﾙBU(38℃),1205,ＳＶ,15.0,8000,,低沃素価,,,,,12700,2022-06-18,K-202205-1542,,2022-06-14,7,2022-06-14 19:27:00-->2022-06-14 21:03:00,2022-06-17
25719621870,AKK-Ⅱ(H),1205,ＳＶ,15.0,8000,,低沃素価,,,,,6000,2022-06-18,K-202206-0220,,2022-06-14,8,2022-06-14 21:23:00-->2022-06-14 22:08:00,2022-06-17
25351521000,MCｼｮｰﾄ(12),1205,ＳＶ,15.0,8000,,,,〇,,,12000,2022-06-18,K-202205-1528,副原料添加多く初回限定,2022-06-15,1,2022-06-15 07:20:00-->2022-06-15 08:50:00,2022-06-17
25351521000,MCｼｮｰﾄ(12),1205,ＳＶ,15.0,8000,,,,〇,,,12000,2022-06-18,K-202205-1529,副原料添加多く初回限定,2022-06-15,2,2022-06-15 09:10:00-->2022-06-15 10:40:00,2022-06-17
25249921000,ﾊﾟﾈﾘ-PV(13),1205,ＳＶ,15.0,8000,,,,,,,12700,2022-06-18,K-202205-0882,,2022-06-15,3,2022-06-15 11:00:00-->2022-06-15 12:36:00,2022-06-17
25134723850,IKｼﾖ-ﾄ(M),1205,ＳＶ,15.0,8000,,,,,,,12700,2022-06-15,K-202205-1469,,2022-06-15,4,2022-06-15 12:56:00-->2022-06-15 14:32:00,2022-06-15
25244821000,ﾊｲﾒﾛｰｼｮｰﾄLT-2,1205,ＳＶ,15.0,8000,〇,,,,,,12700,2022-06-17,K-202205-1504,,2022-06-15,5,2022-06-15 14:52:00-->2022-06-15 16:28:00,2022-06-16
25710722000,FPｼﾖ-ﾄLT2(15K),1205,ＳＶ,15.0,8000,〇,,,,,,12400,2022-06-18,K-202206-0476,,2022-06-15,6,2022-06-15 16:48:00-->2022-06-15 18:21:00,2022-06-17
25804821000,MB-ｻﾝﾄﾞｼﾖ-ﾄDX-TL(H),1205,ＳＶ,15.0,8000,〇,,,,,,12700,2022-06-18,K-202205-1495,,2022-06-15,7,2022-06-15 18:41:00-->2022-06-15 20:17:00,2022-06-17
25719121870,ｻﾝﾄﾞｸﾘ-ﾑMTR(ｽﾄﾚﾂﾁ)H,1205,ＳＶ,15.0,8000,〇,,,,〇,〇,10200,2022-06-23,K-202206-0224,MO-7S添加品,2022-06-15,8,2022-06-15 20:37:00-->2022-06-15 21:54:00,2022-06-16
25222123050,ﾆﾕ-ｼﾖ-ﾄ 20ｷﾛ 5,1205,ＳＶ,20.0,8000,,,,,,,10000,2022-06-16,K-202206-0306,,2022-06-16,1,2022-06-16 07:20:00-->2022-06-16 08:35:00,2022-06-16
25226125020,ｱﾒﾘｶｰﾅDX*(15K),1205,ＳＶ,15.0,8000,,,,,,,12700,2022-06-18,K-202205-1488,,2022-06-16,2,2022-06-16 08:55:00-->2022-06-16 10:31:00,2022-06-17
25308522830,LTｼﾖ-ﾄﾆﾝｸﾞ(19.2K)(S),1205,ＳＶ,15.0,8000,,,,,,,12700,2022-06-20,K-202205-1522,,2022-06-16,3,2022-06-16 10:51:00-->2022-06-16 12:27:00,2022-06-20
25804121000,MB-BSｸﾘ-ﾑ-3(16.5K),1205,ＳＶ,16.5,8000,,,,,,,12700,2022-06-20,K-202205-0992,,2022-06-16,4,2022-06-16 12:47:00-->2022-06-16 14:23:00,2022-06-20
25249621000,ｸｯｷｰｼｮｰﾄﾆﾝｸﾞ,1205,ＳＶ,15.0,8000,,,,,,,12700,2022-06-20,K-202205-1507,,2022-06-16,5,2022-06-16 14:43:00-->2022-06-16 16:19:00,2022-06-20
25804821000,MB-ｻﾝﾄﾞｼﾖ-ﾄDX-TL(H),1205,ＳＶ,15.0,8000,〇,,,,,,12700,2022-06-18,K-202205-1494,,2022-06-16,6,2022-06-16 16:39:00-->2022-06-16 18:15:00,2022-06-17
25804821000,MB-ｻﾝﾄﾞｼﾖ-ﾄDX-TL(H),1205,ＳＶ,15.0,8000,〇,,,,,,12700,2022-06-18,K-202205-1493,,2022-06-16,7,2022-06-16 18:35:00-->2022-06-16 20:11:00,2022-06-17
25230924850,ﾁｴｽﾀ-2000 10K (M),1205,ＳＶ,10.0,5400,〇,,,,,,4000,2022-06-18,K-202206-0061,,2022-06-16,8,2022-06-16 20:31:00-->2022-06-16 21:16:00,2022-06-17
25212222850,ﾁｴｽﾀ-88-TL(M),1205,ＳＶ,15.0,8000,〇,,,,,,6000,2022-06-23,K-202205-1473,,2022-06-16,9,2022-06-16 21:36:00-->2022-06-16 22:21:00,2022-06-22
25317521870,ｼﾖ-ﾄﾆﾝｸﾞYA-III(H),1205,ＳＶ,15.0,8000,,,,〇,,,12700,2022-06-20,K-202205-0885,副原料添加なし初回限定,2022-06-17,1,2022-06-17 07:20:00-->2022-06-17 08:56:00,2022-06-20
25120028870,ﾌﾟﾚﾐｱﾑｼﾖ-ﾄ-CF(H),1205,ＳＶ,15.0,8000,,,,〇,,,12700,2022-06-20,K-202205-1461,副原料添加なし初回限定,2022-06-17,2,2022-06-17 09:16:00-->2022-06-17 10:52:00,2022-06-20
25120028830,ﾌﾟﾚﾐｱﾑｼﾖ-ﾄ-CF(S),1205,ＳＶ,15.0,8000,,,,〇,,,12700,2022-06-20,K-202205-1449,副原料添加なし初回限定,2022-06-17,3,2022-06-17 11:12:00-->2022-06-17 12:48:00,2022-06-20
25710721000,FPｼｮｰﾄLT2,1205,ＳＶ,15.0,8000,〇,,,,,〇,12200,2022-06-24,K-202206-0302,,2022-06-17,4,2022-06-17 13:08:00-->2022-06-17 14:40:00,2022-06-17
25249621000,ｸｯｷｰｼｮｰﾄﾆﾝｸﾞ,1205,ＳＶ,15.0,8000,,,,,,,12700,2022-06-20,K-202205-1508,,2022-06-17,5,2022-06-17 15:00:00-->2022-06-17 16:36:00,2022-06-20
26611121000,ｸﾗｳﾝﾗ-ﾄﾞ#100K(ﾀﾞﾝ),1205,ＳＶ,15.0,8000,,,,,,,12700,2022-06-20,K-202205-1552,,2022-06-17,6,2022-06-17 16:56:00-->2022-06-17 18:32:00,2022-06-20
25710722000,FPｼﾖ-ﾄLT2(15K),1205,ＳＶ,15.0,8000,〇,,,,,,12700,2022-06-22,K-202205-1539,,2022-06-17,7,2022-06-17 18:52:00-->2022-06-17 20:28:00,2022-06-21
25710721000,FPｼｮｰﾄLT2,1205,ＳＶ,15.0,8000,〇,,,,,〇,12700,2022-06-28,K-202205-1535,,2022-06-17,8,2022-06-17 20:48:00-->2022-06-17 22:24:00,2022-06-21
25801321870,MB-Pｼﾖ-ﾄCF8.1K(H),1205,ＳＶ,8.1,4000,,,,〇,,,12700,2022-06-21,K-202205-1548,副原料添加なし初回限定,2022-06-20,1,2022-06-20 07:20:00-->2022-06-20 10:31:00,2022-06-21
25120028890,ﾌﾟﾚﾐｱﾑｼﾖ-ﾄ-CF(HH),1205,ＳＶ,15.0,8000,,,,〇,,,12700,2022-06-21,K-202206-0073,副原料添加なし初回限定,2022-06-20,2,2022-06-20 10:51:00-->2022-06-20 12:27:00,2022-06-21
25152321830,PSV(S),1205,ＳＶ,15.0,8000,,,,〇,,,6000,2022-06-22,K-202205-1471,副原料添加なし初回限定,2022-06-20,3,2022-06-20 12:47:00-->2022-06-20 13:32:00,2022-06-22
25132325870,ﾌﾟﾚﾐｱﾑｼﾖ-ﾄCF 10K(H),1205,ＳＶ,10.0,5400,,,,〇,,,12700,2022-06-22,K-202205-1467,副原料添加なし初回限定,2022-06-20,4,2022-06-20 13:52:00-->2022-06-20 16:14:00,2022-06-22
25244422870,ｲﾄｳIK-NT(H),1205,ＳＶ,15.0,8000,,,,,,,12700,2022-06-20,K-202205-1501,,2022-06-20,5,2022-06-20 16:34:00-->2022-06-20 18:10:00,2022-06-20
25299021000,ｼｮｰﾄﾆﾝｸﾞLO-T2,1205,ＳＶ,15.0,8000,,,,,,,12700,2022-06-20,K-202205-0729,,2022-06-20,6,2022-06-20 18:30:00-->2022-06-20 20:06:00,2022-06-20
25278021870,ﾊｲDXﾌｱﾂﾄ(H),1205,ＳＶ,15.0,8000,〇,,,,〇,,12700,2022-06-21,K-202206-0123,MO-7S添加品,2022-06-20,7,2022-06-20 20:26:00-->2022-06-20 22:02:00,2022-06-20
25318821000,ｱ-ﾈｽﾄ,1205,ＳＶ,15.0,7000,,,KI(テンパー品),,,,10000,2022-06-22,K-202205-1524,,2022-06-21,1,2022-06-21 07:20:00-->2022-06-21 08:46:00,2022-06-22
25318821000,ｱ-ﾈｽﾄ,1205,ＳＶ,15.0,7000,,,KI(テンパー品),,,,10000,2022-06-22,K-202205-1525,,2022-06-21,2,2022-06-21 09:06:00-->2022-06-21 10:32:00,2022-06-22
25318821000,ｱ-ﾈｽﾄ,1205,ＳＶ,15.0,7000,,,KI(テンパー品),,,,10000,2022-06-22,K-202205-1526,,2022-06-21,3,2022-06-21 10:52:00-->2022-06-21 12:18:00,2022-06-22
25232924850,NCｼﾖ-ﾄ(DIR)(M),1205,ＳＶ,15.0,8000,,,,,,,12700,2022-06-21,K-202205-1491,,2022-06-21,4,2022-06-21 13:38:00-->2022-06-21 15:14:00,2022-06-21
25299921050,PVｼﾖ-ﾄ(B)-AK(5),1205,ＳＶ,15.0,8000,,,,,,,12700,2022-06-21,K-202206-0062,,2022-06-21,5,2022-06-21 15:34:00-->2022-06-21 17:10:00,2022-06-21
25245322000,ｲﾄｳCC-NT,1205,ＳＶ,15.0,8000,,,,,,,12700,2022-06-21,K-202206-0217,,2022-06-21,6,2022-06-21 17:30:00-->2022-06-21 19:06:00,2022-06-21
25710722000,FPｼﾖ-ﾄLT2(15K),1205,ＳＶ,15.0,8000,〇,,,,,,12700,2022-06-27,K-202205-1540,,2022-06-21,7,2022-06-21 19:26:00-->2022-06-21 21:02:00,2022-06-24
25719121850,ｻﾝﾄﾞｸﾘ-ﾑMTR(ｽﾄﾚﾂﾁ)M,1205,ＳＶ,15.0,8000,〇,,,,〇,〇,11600,2022-07-01,K-202206-0225,MO-7S添加品,2022-06-21,8,2022-06-21 21:22:00-->2022-06-21 22:49:00,2022-06-24
25801321870,MB-Pｼﾖ-ﾄCF8.1K(H),1205,ＳＶ,8.1,4000,,,,〇,,,12700,2022-06-23,K-202205-1549,副原料添加なし初回限定,2022-06-22,1,2022-06-22 07:20:00-->2022-06-22 10:31:00,2022-06-23
25120028870,ﾌﾟﾚﾐｱﾑｼﾖ-ﾄ-CF(H),1205,ＳＶ,15.0,8000,,,,〇,,,12700,2022-06-23,K-202205-1462,副原料添加なし初回限定,2022-06-22,2,2022-06-22 10:51:00-->2022-06-22 12:27:00,2022-06-23
25120028830,ﾌﾟﾚﾐｱﾑｼﾖ-ﾄ-CF(S),1205,ＳＶ,15.0,8000,,,,〇,,,12700,2022-06-23,K-202205-1451,副原料添加なし初回限定,2022-06-22,3,2022-06-22 12:47:00-->2022-06-22 14:23:00,2022-06-23
25120028830,ﾌﾟﾚﾐｱﾑｼﾖ-ﾄ-CF(S),1205,ＳＶ,15.0,8000,,,,〇,,,12700,2022-06-23,K-202205-1453,副原料添加なし初回限定,2022-06-22,4,2022-06-22 14:43:00-->2022-06-22 16:19:00,2022-06-23
25120028830,ﾌﾟﾚﾐｱﾑｼﾖ-ﾄ-CF(S),1205,ＳＶ,15.0,8000,,,,〇,,,12700,2022-06-23,K-202205-1452,副原料添加なし初回限定,2022-06-22,5,2022-06-22 16:39:00-->2022-06-22 18:15:00,2022-06-23
25317521870,ｼﾖ-ﾄﾆﾝｸﾞYA-III(H),1205,ＳＶ,15.0,8000,,,,〇,,,12700,2022-06-25,K-202205-0915,副原料添加なし初回限定,2022-06-22,6,2022-06-22 18:35:00-->2022-06-22 20:11:00,2022-06-24
25316621830,ｻｸｻｸｼﾖ-ﾄﾆﾝｸﾞY(S),1205,ＳＶ,10.0,5400,,,,,,,6000,2022-06-22,K-202205-1523,,2022-06-22,7,2022-06-22 20:31:00-->2022-06-22 21:38:00,2022-06-22
25804821000,MB-ｻﾝﾄﾞｼﾖ-ﾄDX-TL(H),1205,ＳＶ,15.0,8000,〇,,,,,,12700,2022-06-27,K-202205-1497,,2022-06-23,1,2022-06-23 07:20:00-->2022-06-23 08:56:00,2022-06-24
25804821000,MB-ｻﾝﾄﾞｼﾖ-ﾄDX-TL(H),1205,ＳＶ,15.0,8000,〇,,,,,,12700,2022-06-27,K-202205-1496,,2022-06-23,2,2022-06-23 09:16:00-->2022-06-23 10:52:00,2022-06-24
25230924890,ﾁｴｽﾀ-2000 10K (HH),1205,ＳＶ,10.0,5400,〇,,,,,,12700,2022-06-27,K-202205-1490,,2022-06-23,3,2022-06-23 11:12:00-->2022-06-23 13:34:00,2022-06-24
25710721000,FPｼｮｰﾄLT2,1205,ＳＶ,15.0,8000,〇,,,,,〇,12700,2022-07-01,K-202205-1536,,2022-06-23,4,2022-06-23 13:54:00-->2022-06-23 15:30:00,2022-06-24
25224321050,PVｼﾖ-ﾄ(B) (5),1205,ＳＶ,15.0,8000,,,,,,,12700,2022-06-25,K-202205-1484,,2022-06-23,5,2022-06-23 15:50:00-->2022-06-23 17:26:00,2022-06-24
25224122020,ｱﾒﾘｶｰﾅV,1205,ＳＶ,10.0,5400,,,,,,,12700,2022-06-25,K-202205-1482,,2022-06-23,6,2022-06-23 17:46:00-->2022-06-23 20:08:00,2022-06-24
25225621850,PVｼﾖ-ﾄEG(M),1205,ＳＶ,15.0,8000,,,,,,,12700,2022-06-27,K-202205-1486,,2022-06-23,7,2022-06-23 20:28:00-->2022-06-23 22:04:00,2022-06-27
25249921000,ﾊﾟﾈﾘ-PV(13),1205,ＳＶ,15.0,8000,,,,,,,12700,2022-06-25,K-202205-1512,,2022-06-24,1,2022-06-24 07:20:00-->2022-06-24 08:56:00,2022-06-24
25710721000,FPｼｮｰﾄLT2,1205,ＳＶ,15.0,8000,〇,,,,,〇,12700,2022-07-04,K-202205-1537,,2022-06-24,2,2022-06-24 09:16:00-->2022-06-24 10:52:00,2022-06-27
25224021000,ABｼﾖ-ﾄ(PM),1205,ＳＶ,15.0,8000,〇,,,,,,12700,2022-06-30,K-202205-1481,,2022-06-24,3,2022-06-24 11:12:00-->2022-06-24 12:48:00,2022-06-29
25249621000,ｸｯｷｰｼｮｰﾄﾆﾝｸﾞ,1205,ＳＶ,15.0,8000,,,,,,,12700,2022-06-27,K-202205-1509,,2022-06-24,4,2022-06-24 13:08:00-->2022-06-24 14:44:00,2022-06-27
25217722000,ﾁｪｽﾀｰLPV-TL2(18K),1205,ＳＶ,18.0,8000,〇,,,,,,12700,2022-06-30,K-202205-1477,,2022-06-24,5,2022-06-24 15:04:00-->2022-06-24 16:40:00,2022-06-29
25225621870,PVｼﾖ-ﾄEG(H),1205,ＳＶ,15.0,8000,,,,,,,6000,2022-06-30,K-202205-1487,,2022-06-24,6,2022-06-24 17:00:00-->2022-06-24 17:45:00,2022-06-30
25249621000,ｸｯｷｰｼｮｰﾄﾆﾝｸﾞ,1205,ＳＶ,15.0,8000,,,,,,,12700,2022-06-30,K-202205-1510,,2022-06-24,7,2022-06-24 18:05:00-->2022-06-24 19:41:00,2022-06-30
25212521030,ｼﾖｰﾄﾆﾝｸﾞFJP DIR(3),1205,ＳＶ,15.0,8000,,,,,,,8000,2022-06-30,K-202205-1474,,2022-06-24,8,2022-06-24 20:01:00-->2022-06-24 21:01:00,2022-06-30
25130921830,ｼﾖ-ﾄﾆﾝｸﾞAM DIR(S),1205,ＳＶ,15.0,8000,,,,,,,12700,2022-06-30,K-202205-1465,,2022-06-24,9,2022-06-24 21:21:00-->2022-06-24 22:57:00,2022-06-30
25801321870,MB-Pｼﾖ-ﾄCF8.1K(H),1205,ＳＶ,8.1,4000,,,,〇,,,12700,2022-06-28,K-202205-1550,副原料添加なし初回限定,2022-06-27,1,2022-06-27 07:20:00-->2022-06-27 10:31:00,2022-06-28
25800421830,MB-ﾌﾟﾚﾐｱﾑｼﾖ-ﾄ-CF(S),1205,ＳＶ,15.0,8000,,,,〇,,,12700,2022-06-30,K-202205-1547,副原料添加なし初回限定,2022-06-27,2,2022-06-27 10:51:00-->2022-06-27 12:27:00,2022-06-30
25132325870,ﾌﾟﾚﾐｱﾑｼﾖ-ﾄCF 10K(H),1205,ＳＶ,10.0,5400,,,,〇,,,12700,2022-06-30,K-202205-1468,副原料添加なし初回限定,2022-06-27,3,2022-06-27 12:47:00-->2022-06-27 15:09:00,2022-06-30
25120028830,ﾌﾟﾚﾐｱﾑｼﾖ-ﾄ-CF(S),1205,ＳＶ,15.0,8000,,,,〇,,,12700,2022-06-30,K-202205-1454,副原料添加なし初回限定,2022-06-27,4,2022-06-27 15:29:00-->2022-06-27 17:05:00,2022-06-30
25120028830,ﾌﾟﾚﾐｱﾑｼﾖ-ﾄ-CF(S),1205,ＳＶ,15.0,8000,,,,〇,,,12700,2022-06-30,K-202205-1455,副原料添加なし初回限定,2022-06-27,5,2022-06-27 17:25:00-->2022-06-27 19:01:00,2022-06-30
25244422870,ｲﾄｳIK-NT(H),1205,ＳＶ,15.0,8000,,,,,,,12700,2022-06-27,K-202205-1502,,2022-06-27,6,2022-06-27 19:21:00-->2022-06-27 20:57:00,2022-06-27
25249921000,ﾊﾟﾈﾘ-PV(13),1205,ＳＶ,15.0,8000,,,,,,,12700,2022-06-27,K-202205-1513,,2022-06-27,7,2022-06-27 21:17:00-->2022-06-27 22:53:00,2022-06-27
25351521000,MCｼｮｰﾄ(12),1205,ＳＶ,15.0,8000,,,,〇,,,12000,2022-06-30,K-202205-1530,副原料添加多く初回限定,2022-06-28,1,2022-06-28 07:20:00-->2022-06-28 08:50:00,2022-06-30
25351521000,MCｼｮｰﾄ(12),1205,ＳＶ,15.0,8000,,,,〇,,,12000,2022-06-30,K-202205-1531,副原料添加多く初回限定,2022-06-28,2,2022-06-28 09:10:00-->2022-06-28 10:40:00,2022-06-30
25244422870,ｲﾄｳIK-NT(H),1205,ＳＶ,15.0,8000,,,,,,,12700,2022-06-30,K-202205-1503,,2022-06-28,3,2022-06-28 11:00:00-->2022-06-28 12:36:00,2022-06-30
25221523060,ﾆﾕ-ｼﾖ-ﾄ(C)10K(6),1205,ＳＶ,10.0,5400,,,,,,,8000,2022-06-30,K-202206-0039,,2022-06-28,4,2022-06-28 12:56:00-->2022-06-28 14:25:00,2022-06-30
25105621000,ﾊﾟﾈﾘ-PV(12),1205,ＳＶ,15.0,8000,,,,,,,6000,2022-06-30,K-202205-1442,,2022-06-28,5,2022-06-28 14:45:00-->2022-06-28 15:30:00,2022-06-30
25118721830,ﾌﾟﾚﾐｱﾑｼﾖ-ﾄPV-ADF (S),1205,ＳＶ,15.0,8000,,,,,,,6000,2022-06-30,K-202205-1445,,2022-06-28,6,2022-06-28 15:50:00-->2022-06-28 16:35:00,2022-06-30
25118721810,ﾌﾟﾚﾐｱﾑｼﾖ-ﾄPV-ADF(SS),1205,ＳＶ,15.0,8000,,,,,,,4000,2022-06-30,K-202205-1444,,2022-06-28,7,2022-06-28 16:55:00-->2022-06-28 17:25:00,2022-06-30
25306521830,ﾘｽﾌﾚ-ﾃSP-Ⅱ(S),1205,ＳＶ,10.0,5400,,,,,,,6000,2022-06-30,K-202205-1521,,2022-06-28,8,2022-06-28 17:45:00-->2022-06-28 18:52:00,2022-06-30
25126221000,ｽﾃｲﾔ-SA,1205,ＳＶ,15.0,6500,,高沃素価,,,〇,,12700,2022-06-28,K-202205-1464,最終限定,2022-06-28,9,2022-06-28 19:12:00-->2022-06-28 21:10:00,2022-06-28
25120028830,ﾌﾟﾚﾐｱﾑｼﾖ-ﾄ-CF(S),1205,ＳＶ,15.0,8000,,,,〇,,,12700,2022-06-30,K-202205-1456,,2022-06-29,1,2022-06-29 07:20:00-->2022-06-29 08:56:00,2022-06-30
25217621380,ｻﾝﾄﾞｼﾖ-ﾄNT (38ﾟC),1205,ＳＶ,15.0,8000,,低沃素価,,,,,12700,2022-06-30,K-202205-1476,,2022-06-29,2,2022-06-29 09:16:00-->2022-06-29 10:52:00,2022-06-30
