繰上不可(×）,依頼日,品目コード,品名,入目,予定数量(㎏),納期,チケットＮＯ
2024-02-26 00:00:00,2024-01-30,25407942000,ｴｰｽﾎｲｯﾌﾟV45(10K),10.0,6000,20240304,
2024-02-17 00:00:00,2024-01-30,25411543000,ﾃﾞｻﾞｰﾄｸﾘｰﾑV35RN,10.0,10500,20240220,
2024-02-19 00:00:00,2024-01-30,25411643000,ﾃﾞｻﾞｰﾄｸﾘｰﾑV30RN,10.0,10500,20240222,
,2024-01-30,25415843000,ﾃﾞｻﾞ-ﾄｸﾘ-ﾑDO,10.0,10500,20240226,
,2024-01-30,25415843000,ﾃﾞｻﾞ-ﾄｸﾘ-ﾑDO,10.0,10500,20240226,
,2024-01-30,25415843000,ﾃﾞｻﾞ-ﾄｸﾘ-ﾑDO,10.0,6200,20240226,
,2024-01-30,25415843000,ﾃﾞｻﾞ-ﾄｸﾘ-ﾑDO,10.0,10500,20240304,
,2024-01-30,25415843000,ﾃﾞｻﾞ-ﾄｸﾘ-ﾑDO,10.0,10500,20240304,
,2024-01-30,25415843000,ﾃﾞｻﾞ-ﾄｸﾘ-ﾑDO,10.0,6200,20240304,
2024-03-01 00:00:00,2024-01-30,25415843000,ﾃﾞｻﾞ-ﾄｸﾘ-ﾑDO,10.0,10500,20240311,
2024-03-01 00:00:00,2024-01-30,25415843000,ﾃﾞｻﾞ-ﾄｸﾘ-ﾑDO,10.0,10500,20240311,
2024-03-01 00:00:00,2024-01-30,25415843000,ﾃﾞｻﾞ-ﾄｸﾘ-ﾑDO,10.0,6200,20240311,
2024-02-19 00:00:00,2024-01-30,25415943000,ｴ-ｽﾎｲﾂﾌﾟV30,10.0,10500,20240224,
2024-02-19 00:00:00,2024-01-30,25415943000,ｴ-ｽﾎｲﾂﾌﾟV30,10.0,10500,20240224,
2024-02-19 00:00:00,2024-01-30,25415943000,ｴ-ｽﾎｲﾂﾌﾟV30,10.0,6200,20240224,
2024-02-26 00:00:00,2024-01-30,25415943000,ｴ-ｽﾎｲﾂﾌﾟV30,10.0,10500,20240304,
2024-02-26 00:00:00,2024-01-30,25415943000,ｴ-ｽﾎｲﾂﾌﾟV30,10.0,10500,20240304,
2024-02-26 00:00:00,2024-01-30,25415943000,ｴ-ｽﾎｲﾂﾌﾟV30,10.0,6200,20240304,
2024-03-01 00:00:00,2024-01-30,25416442000,ｽﾍﾟｼｬﾙﾎｲｯﾌﾟ-TL 10K,10.0,10500,20240309,
,2024-01-30,25420142000,ﾌﾞﾚﾝﾄﾞﾎｲﾂﾌﾟFD,10.0,10500,20240222,
,2024-01-30,25420142000,ﾌﾞﾚﾝﾄﾞﾎｲﾂﾌﾟFD,10.0,10500,20240222,
,2024-01-30,25420142000,ﾌﾞﾚﾝﾄﾞﾎｲﾂﾌﾟFD,10.0,6200,20240222,
,2024-01-30,25420142000,ﾌﾞﾚﾝﾄﾞﾎｲﾂﾌﾟFD,10.0,10500,20240228,
,2024-01-30,25420142000,ﾌﾞﾚﾝﾄﾞﾎｲﾂﾌﾟFD,10.0,10500,20240228,
,2024-01-30,25420142000,ﾌﾞﾚﾝﾄﾞﾎｲﾂﾌﾟFD,10.0,6200,20240228,
2024-02-26 00:00:00,2024-01-30,25420142000,ﾌﾞﾚﾝﾄﾞﾎｲﾂﾌﾟFD,10.0,10500,20240306,
2024-02-26 00:00:00,2024-01-30,25420142000,ﾌﾞﾚﾝﾄﾞﾎｲﾂﾌﾟFD,10.0,10500,20240306,
2024-02-26 00:00:00,2024-01-30,25420142000,ﾌﾞﾚﾝﾄﾞﾎｲﾂﾌﾟFD,10.0,6200,20240306,
2024-03-01 00:00:00,2024-01-30,25420142000,ﾌﾞﾚﾝﾄﾞﾎｲﾂﾌﾟFD,10.0,10500,20240311,
2024-03-01 00:00:00,2024-01-30,25420142000,ﾌﾞﾚﾝﾄﾞﾎｲﾂﾌﾟFD,10.0,10500,20240311,
2024-03-01 00:00:00,2024-01-30,25420142000,ﾌﾞﾚﾝﾄﾞﾎｲﾂﾌﾟFD,10.0,6200,20240311,
2024-02-20 00:00:00,2024-01-30,25421643000,ｶｽﾀｰﾄﾞﾎｲﾂﾌﾟM,10.0,6200,20240227,
2024-02-20 00:00:00,2024-01-30,25421643000,ｶｽﾀｰﾄﾞﾎｲﾂﾌﾟM,10.0,6200,20240227,
2024-03-01 00:00:00,2024-01-30,25421643000,ｶｽﾀｰﾄﾞﾎｲﾂﾌﾟM,10.0,6200,20240307,
2024-03-01 00:00:00,2024-01-30,25421643000,ｶｽﾀｰﾄﾞﾎｲﾂﾌﾟM,10.0,6200,20240307,
2024-02-20 00:00:00,2024-01-30,25422233000,ﾃﾞﾗﾂｸｽﾎｲﾂﾌﾟ-TL,12.12,3270,20240229,
2024-02-20 00:00:00,2024-01-30,25422242000,ﾃﾞﾗﾂｸｽﾎｲﾂﾌﾟTL(10K),10.0,7230,20240229,
,2024-01-30,25422532000,ｶｽﾀｰﾄﾞﾎｲｯﾌﾟ-TL,12.96,3240,20240212,
,2024-01-30,25422542000,ｶｽﾀｰﾄﾞﾎｲｯﾌﾟ-TL 10K,10.0,2760,20240212,
2024-02-26 00:00:00,2024-01-30,25422542000,ｶｽﾀｰﾄﾞﾎｲｯﾌﾟ-TL 10K,10.0,6000,20240304,
2024-02-19 00:00:00,2024-01-30,25424044000,ﾌﾞﾚﾝﾄﾞﾎｲｯﾌﾟFC,10.0,10500,20240226,
,2024-01-30,25424642000,ｴ-ｽｶﾞﾅﾂｼﾕﾎｲﾂﾌﾟ 10K,10.0,10500,20240220,
2024-02-24 00:00:00,2024-01-30,25424642000,ｴ-ｽｶﾞﾅﾂｼﾕﾎｲﾂﾌﾟ 10K,10.0,10500,20240229,
2024-03-01 00:00:00,2024-01-30,25424642000,ｴ-ｽｶﾞﾅﾂｼﾕﾎｲﾂﾌﾟ 10K,10.0,10500,20240311,
,2024-01-30,25424933000,ｴｰｽﾎｲｯﾌﾟ19(1L),12.0,6000,20240220,
2024-02-24 00:00:00,2024-01-30,25424933000,ｴｰｽﾎｲｯﾌﾟ19(1L),12.0,6000,20240229,
2024-03-01 00:00:00,2024-01-30,25424933000,ｴｰｽﾎｲｯﾌﾟ19(1L),12.0,6000,20240311,
2024-02-20 00:00:00,2024-01-30,25426132000,ﾘｽﾎｲﾂﾌﾟ19,12.01,6000,20240226,
,2024-01-30,25427842000,加糖クリームDO,10.0,10500,20240303,
,2024-01-30,25427842000,加糖クリームDO,10.0,10500,20240303,
,2024-01-30,25427842000,加糖クリームDO,10.0,10500,20240303,
2024-03-01 00:00:00,2024-01-30,25459142000,ﾋﾟﾕｱﾌﾞﾚﾝﾄﾞﾎｲﾂﾌﾟ 10K*,10.0,10500,20240311,
2024-02-22 00:00:00,2024-01-30,25459342000,ﾌﾚﾝﾁﾄｰｽﾄｺｰﾃｨﾝｸﾞR,10.0,10500,20240229,
,2024-01-30,25459942000,セレステホイップR,10.0,10500,20240222,
,2024-01-30,25459942000,セレステホイップR,10.0,10500,20240222,
,2024-01-30,25459942000,セレステホイップR,10.0,6200,20240222,
2024-02-24 00:00:00,2024-01-30,25459942000,セレステホイップR,10.0,10500,20240229,
2024-02-24 00:00:00,2024-01-30,25459942000,セレステホイップR,10.0,10500,20240229,
2024-02-24 00:00:00,2024-01-30,25459942000,セレステホイップR,10.0,6200,20240229,
2024-02-26 00:00:00,2024-01-30,25459942000,セレステホイップR,10.0,10500,20240305,
2024-02-26 00:00:00,2024-01-30,25459942000,セレステホイップR,10.0,10500,20240305,
2024-02-26 00:00:00,2024-01-30,25459942000,セレステホイップR,10.0,6200,20240305,
2024-03-01 00:00:00,2024-01-30,25459942000,セレステホイップR,10.0,10500,20240311,
2024-03-01 00:00:00,2024-01-30,25459942000,セレステホイップR,10.0,10500,20240311,
2024-03-01 00:00:00,2024-01-30,25459942000,セレステホイップR,10.0,6200,20240311,
2024-02-26 00:00:00,2024-01-30,25460932000,ﾋﾟｭｱﾌﾞﾚﾝﾄﾞﾎｲｯﾌﾟR,12.3,6000,20240304,
2024-03-01 00:00:00,2024-01-30,25493643000,ｴｰｽﾎｲｯﾌﾟV38 10K,10.0,10500,20240311,
2024-02-26 00:00:00,2024-01-30,25800942000,MB-ｴｰｽﾎｲｯﾌﾟV30,10.0,10500,20240304,
2024-03-01 00:00:00,2024-01-30,26311533000,ﾌﾟﾗｲﾑEF(R),12.98,6000,20240307,
2024-02-20 00:00:00,2024-01-30,26311543000,ﾌﾟﾗｲﾑEF(R) 10K,10.0,6000,20240228,
,2024-01-30,26312842000,ﾎﾙﾝｴｸｾﾙ,10.0,6000,20240220,
,2024-01-30,26313542000,ﾎﾙﾝYK,10.0,11000,20240305,
,2024-01-30,26313542000,ﾎﾙﾝYK,10.0,6200,20240305,
,2024-01-30,26315542000,ﾎﾙﾝDX-WR,15.0,11000,20240229,
,2024-01-30,26315542000,ﾎﾙﾝDX-WR,15.0,11000,20240229,
,2024-01-30,26315542000,ﾎﾙﾝDX-WR,15.0,11000,20240229,
,2024-01-30,26315542000,ﾎﾙﾝDX-WR,15.0,11000,20240229,
2024-03-01 00:00:00,2024-01-30,26315542000,ﾎﾙﾝDX-WR,15.0,11000,20240311,
2024-03-01 00:00:00,2024-01-30,26315542000,ﾎﾙﾝDX-WR,15.0,11000,20240311,
2024-03-01 00:00:00,2024-01-30,26315542000,ﾎﾙﾝDX-WR,15.0,11000,20240311,
2024-03-01 00:00:00,2024-01-30,26315542000,ﾎﾙﾝDX-WR,15.0,11000,20240311,
2024-02-26 00:00:00,2024-01-30,26333742000,ﾘｽｽ-ﾊﾟ-ﾎﾜｲﾄS 10K,10.0,6000,20240229,
,2024-01-30,26383342000,ﾂﾔﾀﾞｼﾊﾟﾝｺ-ﾄIII 10K,10.0,6040,20240224,
2024-03-01 00:00:00,2024-01-30,26383342000,ﾂﾔﾀﾞｼﾊﾟﾝｺ-ﾄIII 10K,10.0,6040,20240309,
2024-02-26 00:00:00,2024-01-30,26383632000,ﾂﾔﾊﾟﾝｺ-ﾄ,12.12,3960,20240305,
,2024-01-31,25417842000,ﾘｽﾎｲﾂﾌﾟV335,10.0,10500,20240209,
,2024-02-01,25428444000,ｶﾞﾅﾂｼﾕﾎｲﾂﾌﾟ30,10.0,6000,20240214,
2024-03-01 00:00:00,2024-02-01,26384035000,ﾐﾙｸﾉﾐﾈﾗﾙL10,12.72,6000,20240309,
,2024-02-02,25490442000,カスタードホイップDO-2,10.0,10500,20240219,
2024-02-19 00:00:00,2024-02-05,25424933000,ｴｰｽﾎｲｯﾌﾟ19(1L),12.0,3000,20240219,
2024-02-19 00:00:00,2024-02-05,25424943000,ｴｰｽﾎｲｯﾌﾟ19(10K),10.0,3000,20240219,
2024-02-15 00:00:00,2024-02-05,25460251000,NDC CCA-2 LS DMA,190.0,10390,20240215,
2024-02-24 00:00:00,2024-02-05,25803142000,ｶﾞﾅｯｼｭﾎｲｯﾌﾟFC,10.0,6000,20240229,
,2024-02-05,25419342000,CHRﾎｲﾂﾌﾟ,10.0,10500,20240217,
2024-02-27 00:00:00,2024-02-07,25411543000,ﾃﾞｻﾞｰﾄｸﾘｰﾑV35RN,10.0,10500,20240304,
2024-02-25 00:00:00,2024-02-07,25411643000,ﾃﾞｻﾞｰﾄｸﾘｰﾑV30RN,10.0,10500,20240229,
2024-03-04 00:00:00,2024-02-07,25415943000,ｴ-ｽﾎｲﾂﾌﾟV30,10.0,10500,20240311,
2024-03-04 00:00:00,2024-02-07,25415943000,ｴ-ｽﾎｲﾂﾌﾟV30,10.0,10500,20240311,
2024-03-04 00:00:00,2024-02-07,25421643000,ｶｽﾀｰﾄﾞﾎｲﾂﾌﾟM,10.0,6200,20240311,
2024-03-04 00:00:00,2024-02-07,25421643000,ｶｽﾀｰﾄﾞﾎｲﾂﾌﾟM,10.0,6200,20240311,
2024-02-16 00:00:00,2024-02-07,25424943000,ｴｰｽﾎｲｯﾌﾟ19(10K),10.0,2000,20240216,
2024-02-16 00:00:00,2024-02-07,25424933000,ｴｰｽﾎｲｯﾌﾟ19(1L),12.0,4000,20240216,
2024-02-27 00:00:00,2024-02-07,25426132000,ﾘｽﾎｲﾂﾌﾟ19,12.01,5000,20240304,
,2024-02-07,26315542000,ﾎﾙﾝDX-WR,15.0,11000,20240311,
,2024-02-07,26315542000,ﾎﾙﾝDX-WR,15.0,11000,20240311,
2024-02-18 00:00:00,2024-02-07,26333742000,ﾘｽｽ-ﾊﾟ-ﾎﾜｲﾄS 10K,10.0,6000,20240222,
2024-03-03 00:00:00,2024-02-07,25442342000,ハイクリームPN,10.0,10500,20240309,
,2024-02-07,26384035000,ﾐﾙｸﾉﾐﾈﾗﾙL10,12.72,6015,20240302,
2024-02-10 00:00:00,2024-02-08,25428444000,ｶﾞﾅﾂｼﾕﾎｲﾂﾌﾟ30,10.0,6000,20240210,
2024-02-21 00:00:00,2024-02-09,25429751000,ﾉﾝﾃﾞｲﾘ-ｸﾘ-ﾏ-CCA-1DMA,190.0,10400,20240221,
2024-02-21 00:00:00,2024-02-09,25429751000,ﾉﾝﾃﾞｲﾘ-ｸﾘ-ﾏ-CCA-1DMA,190.0,10400,20240221,
2024-02-26 00:00:00,2024-02-13,25493643000,ｴｰｽﾎｲｯﾌﾟV38 10K,10.0,10500,20240302,
2024-02-15 00:00:00,2024-02-13,25429751000,ﾉﾝﾃﾞｲﾘ-ｸﾘ-ﾏ-CCA-1DMA,190.0,6400,20240215,
2024-02-15 00:00:00,2024-02-13,25429742000,ﾉﾝﾃﾞｲﾘｰｸﾘｰﾏｰCCA-1CSA,15.0,4000,20240215,
,2024-02-13,25419342000,CHRﾎｲﾂﾌﾟ,10.0,10500,20240219,
2024-02-25 00:00:00,2024-02-13,25419342000,CHRﾎｲﾂﾌﾟ,10.0,10500,20240301,
2024-02-20 00:00:00,2024-02-13,26314442000,ビオラモイスト,10.0,10500,20240227,
,2024-02-13,25460642000,ラショルホイップ,10.0,10500,20240228,
,2024-02-13,25460642000,ラショルホイップ,10.0,10500,20240228,
2024-02-19 00:00:00,2024-02-13,26333742000,ﾘｽｽ-ﾊﾟ-ﾎﾜｲﾄS 10K,10.0,6000,20240219,
,2024-02-14,25419242000,ｱｲﾈｽﾎｲﾂﾌﾟ(ﾄｶﾁﾐﾙｸ),10.0,3000,20240228,
2024-02-24 00:00:00,2024-02-14,25422233000,ﾃﾞﾗﾂｸｽﾎｲﾂﾌﾟ-TL,12.12,3300,20240224,
2024-02-24 00:00:00,2024-02-14,25422242000,ﾃﾞﾗﾂｸｽﾎｲﾂﾌﾟTL(10K),10.0,7200,20240224,
2024-02-29 00:00:00,2024-02-14,25411643000,ﾃﾞｻﾞｰﾄｸﾘｰﾑV30RN,10.0,10500,20240304,
,2024-02-15,25428444000,ｶﾞﾅﾂｼﾕﾎｲﾂﾌﾟ30,10.0,10500,20240224,
,2024-02-15,25459842000,ﾌﾚﾝﾁﾄｰｽﾄｸﾘｰﾑSP,10.0,6000,20240308,
,2024-02-15,25424044000,ﾌﾞﾚﾝﾄﾞﾎｲｯﾌﾟFC,10.0,10500,20240229,
2024-02-28 00:00:00,2024-02-15,26333742000,ﾘｽｽ-ﾊﾟ-ﾎﾜｲﾄS 10K,10.0,6000,20240304,
,2024-02-15,25414332000,ｸﾚ-ﾑ ﾄﾞ ﾒﾗﾝｼﾞｴ,12.3,6000,20240227,
,2024-02-19,26314742000,プライムFC,10.0,4000,20240304,
,2024-02-19,25490442000,カスタードホイップDO-2,10.0,10500,20240304,
,2024-02-20,25428444000,ｶﾞﾅﾂｼﾕﾎｲﾂﾌﾟ30,10.0,10500,20240308,
,2024-02-20,25429751000,ﾉﾝﾃﾞｲﾘ-ｸﾘ-ﾏ-CCA-1DMA,190.0,10400,20240308,
2024-03-11 00:00:00,2024-02-20,25429751000,ﾉﾝﾃﾞｲﾘ-ｸﾘ-ﾏ-CCA-1DMA,190.0,10400,20240315,
2024-03-18 00:00:00,2024-02-20,25429751000,ﾉﾝﾃﾞｲﾘ-ｸﾘ-ﾏ-CCA-1DMA,190.0,10400,20240322,
,2024-02-21,25407942000,ｴｰｽﾎｲｯﾌﾟV45(10K),10.0,6000,20240330,
,2024-02-21,25411643000,ﾃﾞｻﾞｰﾄｸﾘｰﾑV30RN,10.0,10500,20240330,
,2024-02-21,25415843000,ﾃﾞｻﾞ-ﾄｸﾘ-ﾑDO,10.0,10500,20240318,
,2024-02-21,25415843000,ﾃﾞｻﾞ-ﾄｸﾘ-ﾑDO,10.0,10500,20240318,
,2024-02-21,25415843000,ﾃﾞｻﾞ-ﾄｸﾘ-ﾑDO,10.0,10500,20240330,
,2024-02-21,25415843000,ﾃﾞｻﾞ-ﾄｸﾘ-ﾑDO,10.0,10500,20240330,
,2024-02-21,25415943000,ｴ-ｽﾎｲﾂﾌﾟV30,10.0,10500,20240313,
,2024-02-21,25415943000,ｴ-ｽﾎｲﾂﾌﾟV30,10.0,10500,20240313,
,2024-02-21,25415943000,ｴ-ｽﾎｲﾂﾌﾟV30,10.0,10500,20240325,
,2024-02-21,25415943000,ｴ-ｽﾎｲﾂﾌﾟV30,10.0,10500,20240325,
,2024-02-21,25416432000,ｽﾍﾟｼｬﾙﾎｲｯﾌﾟ-TL,12.12,10500,20240307,
,2024-02-21,25416442000,ｽﾍﾟｼｬﾙﾎｲｯﾌﾟ-TL 10K,10.0,10500,20240325,
,2024-02-21,25419342000,CHRﾎｲﾂﾌﾟ,10.0,10500,20240311,
,2024-02-21,25419342000,CHRﾎｲﾂﾌﾟ,10.0,10500,20240318,
,2024-02-21,25420142000,ﾌﾞﾚﾝﾄﾞﾎｲﾂﾌﾟFD,10.0,10500,20240318,
,2024-02-21,25420142000,ﾌﾞﾚﾝﾄﾞﾎｲﾂﾌﾟFD,10.0,10500,20240318,
,2024-02-21,25420142000,ﾌﾞﾚﾝﾄﾞﾎｲﾂﾌﾟFD,10.0,10500,20240318,
,2024-02-21,25420142000,ﾌﾞﾚﾝﾄﾞﾎｲﾂﾌﾟFD,10.0,10500,20240318,
,2024-02-21,25420142000,ﾌﾞﾚﾝﾄﾞﾎｲﾂﾌﾟFD,10.0,10500,20240325,
,2024-02-21,25420142000,ﾌﾞﾚﾝﾄﾞﾎｲﾂﾌﾟFD,10.0,10500,20240325,
,2024-02-21,25420142000,ﾌﾞﾚﾝﾄﾞﾎｲﾂﾌﾟFD,10.0,10500,20240330,
,2024-02-21,25420142000,ﾌﾞﾚﾝﾄﾞﾎｲﾂﾌﾟFD,10.0,10500,20240330,
,2024-02-21,25421643000,ｶｽﾀｰﾄﾞﾎｲﾂﾌﾟM,10.0,6200,20240321,
,2024-02-21,25421643000,ｶｽﾀｰﾄﾞﾎｲﾂﾌﾟM,10.0,6200,20240321,
,2024-02-21,25422242000,ﾃﾞﾗﾂｸｽﾎｲﾂﾌﾟTL(10K),10.0,10500,20240313,
,2024-02-21,25422242000,ﾃﾞﾗﾂｸｽﾎｲﾂﾌﾟTL(10K),10.0,10500,20240325,
,2024-02-21,25422542000,ｶｽﾀｰﾄﾞﾎｲｯﾌﾟ-TL 10K,10.0,6000,20240318,
,2024-02-21,25424044000,ﾌﾞﾚﾝﾄﾞﾎｲｯﾌﾟFC,10.0,10500,20240330,
,2024-02-21,25424633000,ｴ-ｽｶﾞﾅﾂｼﾕﾎｲﾂﾌﾟ,13.32,4000,20240309,
,2024-02-21,25424642000,ｴ-ｽｶﾞﾅﾂｼﾕﾎｲﾂﾌﾟ 10K,10.0,6500,20240309,
,2024-02-21,25424642000,ｴ-ｽｶﾞﾅﾂｼﾕﾎｲﾂﾌﾟ 10K,10.0,10500,20240325,
,2024-02-21,25424933000,ｴｰｽﾎｲｯﾌﾟ19(1L),12.0,6000,20240311,
,2024-02-21,25424933000,ｴｰｽﾎｲｯﾌﾟ19(1L),12.0,6000,20240318,
,2024-02-21,25424933000,ｴｰｽﾎｲｯﾌﾟ19(1L),12.0,6000,20240330,
2024-03-06 00:00:00,2024-02-21,25427842000,加糖クリームDO,10.0,10500,20240306,
2024-03-01 00:00:00,2024-02-21,25442342000,ハイクリームPN,10.0,10500,20240301,
,2024-02-21,25427842000,加糖クリームDO,10.0,10500,20240316,
,2024-02-21,25427842000,加糖クリームDO,10.0,10500,20240316,
,2024-02-21,25427842000,加糖クリームDO,10.0,10500,20240323,
,2024-02-21,25427842000,加糖クリームDO,10.0,10500,20240323,
,2024-02-21,25427842000,加糖クリームDO,10.0,10500,20240330,
,2024-02-21,25427842000,加糖クリームDO,10.0,10500,20240330,
,2024-02-21,25431442000,ﾊｲｸﾘｰﾑ39,10.0,6000,20240318,
,2024-02-21,25442342000,ハイクリームPN,10.0,10500,20240318,
,2024-02-21,25459142000,ﾋﾟﾕｱﾌﾞﾚﾝﾄﾞﾎｲﾂﾌﾟ 10K*,10.0,10500,20240321,
,2024-02-21,25459342000,ﾌﾚﾝﾁﾄｰｽﾄｺｰﾃｨﾝｸﾞR,10.0,10500,20240314,
,2024-02-21,25459342000,ﾌﾚﾝﾁﾄｰｽﾄｺｰﾃｨﾝｸﾞR,10.0,10500,20240320,
,2024-02-21,25459342000,ﾌﾚﾝﾁﾄｰｽﾄｺｰﾃｨﾝｸﾞR,10.0,10500,20240330,
,2024-02-21,25459942000,セレステホイップR,10.0,10500,20240318,
,2024-02-21,25459942000,セレステホイップR,10.0,10500,20240318,
,2024-02-21,25459942000,セレステホイップR,10.0,6200,20240318,
,2024-02-21,25459942000,セレステホイップR,10.0,10500,20240323,
,2024-02-21,25459942000,セレステホイップR,10.0,10500,20240323,
,2024-02-21,25459942000,セレステホイップR,10.0,6200,20240323,
,2024-02-21,25459942000,セレステホイップR,10.0,10500,20240330,
,2024-02-21,25459942000,セレステホイップR,10.0,10500,20240330,
,2024-02-21,25459942000,セレステホイップR,10.0,6200,20240330,
,2024-02-21,25460642000,ラショルホイップ,10.0,10500,20240312,
,2024-02-21,25460642000,ラショルホイップ,10.0,10500,20240312,
,2024-02-21,25460642000,ラショルホイップ,10.0,10500,20240325,
,2024-02-21,25460642000,ラショルホイップ,10.0,10500,20240325,
,2024-02-21,25460932000,ﾋﾟｭｱﾌﾞﾚﾝﾄﾞﾎｲｯﾌﾟR,12.3,8000,20240304,
,2024-02-21,25493643000,ｴｰｽﾎｲｯﾌﾟV38 10K,10.0,10500,20240313,
,2024-02-21,25800942000,MB-ｴｰｽﾎｲｯﾌﾟV30,10.0,10500,20240311,
,2024-02-21,25800942000,MB-ｴｰｽﾎｲｯﾌﾟV30,10.0,10500,20240323,
,2024-02-21,26311533000,ﾌﾟﾗｲﾑEF(R),12.98,6000,20240312,
,2024-02-21,26311543000,ﾌﾟﾗｲﾑEF(R) 10K,10.0,6000,20240316,
,2024-02-21,26311543000,ﾌﾟﾗｲﾑEF(R) 10K,10.0,6000,20240330,
,2024-02-21,26312842000,ﾎﾙﾝｴｸｾﾙ,10.0,6000,20240318,
,2024-02-21,26313542000,ﾎﾙﾝYK,10.0,11000,20240318,
,2024-02-21,26313542000,ﾎﾙﾝYK,10.0,6200,20240318,
,2024-02-21,26313542000,ﾎﾙﾝYK,10.0,11000,20240330,
,2024-02-21,26313542000,ﾎﾙﾝYK,10.0,6200,20240330,
,2024-02-21,26314542000,ホルンSP,10.0,6000,20240304,
,2024-02-21,26315142000,ﾌﾟﾗｲﾑF,10.0,6000,20240314,
,2024-02-21,26315432000,フォーカスC(1L)*,13.32,5000,20240307,
,2024-02-21,26315542000,ﾎﾙﾝDX-WR,15.0,11000,20240316,
,2024-02-21,26315542000,ﾎﾙﾝDX-WR,15.0,11000,20240316,
,2024-02-21,26315542000,ﾎﾙﾝDX-WR,15.0,11000,20240318,
,2024-02-21,26315542000,ﾎﾙﾝDX-WR,15.0,11000,20240318,
,2024-02-21,26315542000,ﾎﾙﾝDX-WR,15.0,11000,20240318,
,2024-02-21,26315542000,ﾎﾙﾝDX-WR,15.0,11000,20240318,
,2024-02-21,26315542000,ﾎﾙﾝDX-WR,15.0,11000,20240325,
,2024-02-21,26315542000,ﾎﾙﾝDX-WR,15.0,11000,20240325,
,2024-02-21,26315542000,ﾎﾙﾝDX-WR,15.0,11000,20240325,
,2024-02-21,26315542000,ﾎﾙﾝDX-WR,15.0,11000,20240325,
,2024-02-21,26315542000,ﾎﾙﾝDX-WR,15.0,11000,20240330,
,2024-02-21,26315542000,ﾎﾙﾝDX-WR,15.0,11000,20240330,
,2024-02-21,26315542000,ﾎﾙﾝDX-WR,15.0,11000,20240330,
,2024-02-21,26315542000,ﾎﾙﾝDX-WR,15.0,11000,20240330,
,2024-02-21,26330132000,ﾘｽｼﾞﾙｼ ﾎﾙﾝ,12.88,6000,20240312,
,2024-02-21,26330142000,ﾎﾙﾝ 10K ｼﾖ-ﾘ-,10.0,10500,20240311,
,2024-02-21,26330142000,ﾎﾙﾝ 10K ｼﾖ-ﾘ-,10.0,10500,20240330,
,2024-02-21,26331743000,ﾎﾙﾝEX 10K,10.0,5000,20240303,
,2024-02-21,26333742000,ﾘｽｽ-ﾊﾟ-ﾎﾜｲﾄS 10K,10.0,6000,20240307,
,2024-02-21,26333742000,ﾘｽｽ-ﾊﾟ-ﾎﾜｲﾄS 10K,10.0,10500,20240323,
,2024-02-21,26383342000,ﾂﾔﾀﾞｼﾊﾟﾝｺ-ﾄIII 10K,10.0,6040,20240325,
,2024-02-21,26383632000,ﾂﾔﾊﾟﾝｺ-ﾄ,12.12,3960,20240311,
,2024-02-21,26681442000,LAPANクリーム,10.0,5000,20240318,
,2024-02-22,26315442000,フォーカスC(15ｋ),15.0,6000,20240304,
,2024-02-22,25461542000,フレシオホイップ,10.0,10500,20240316,
,2024-02-22,25461542000,フレシオホイップ,10.0,10500,20240323,
,2024-02-22,25461542000,フレシオホイップ,10.0,10500,20240330,
,2024-02-26,25460142000,ＴＡホイップ,10.0,10500,20240309,
,2024-02-26,25461542000,フレシオホイップ,10.0,10500,20240309,
2024-03-07 00:00:00,2024-02-26,25458342000,セレステホイップ,10.0,10500,20240307,
2024-03-07 00:00:00,2024-02-26,25458342000,セレステホイップ,10.0,10500,20240307,
2024-03-07 00:00:00,2024-02-26,25458342000,セレステホイップ,10.0,6200,20240307,
,2024-02-26,25458342000,セレステホイップ,10.0,10500,20240330,
,2024-02-26,25458342000,セレステホイップ,10.0,10500,20240330,
,2024-02-26,25458342000,セレステホイップ,10.0,6200,20240330,
2024-03-03 00:00:00,2024-02-26,25429751000,ﾉﾝﾃﾞｲﾘ-ｸﾘ-ﾏ-CCA-1DMA,190.0,7400,20240303,
2024-03-03 00:00:00,2024-02-26,25429742000,ﾉﾝﾃﾞｲﾘｰｸﾘｰﾏｰCCA-1CSA,15.0,3000,20240303,
2024-03-04 00:00:00,2024-02-27,25411543000,ﾃﾞｻﾞｰﾄｸﾘｰﾑV35RN,10.0,9000,20240304,
2024-03-05 00:00:00,2024-02-27,25459842000,ﾌﾚﾝﾁﾄｰｽﾄｸﾘｰﾑSP,10.0,6000,20240305,
2024-03-01 00:00:00,2024-02-28,26314742000,プライムFC,10.0,4000,20240301,
,2024-02-29,25417842000,ﾘｽﾎｲﾂﾌﾟV335,10.0,10500,20240309,
2024-03-13 00:00:00,2024-02-29,25461042000,ブレンドホイップSP,10.0,3000,20240319,
2024-03-20 00:00:00,2024-02-29,25414332000,ｸﾚ-ﾑ ﾄﾞ ﾒﾗﾝｼﾞｴ,12.3,6000,20240325,
2024-03-18 00:00:00,2024-03-04,26385032000,MILK-EM-1　１L×６×2,13.2,132,20240318,
,2024-03-04,25442342000,ハイクリームPN,10.0,10500,20240401,
2024-03-18 00:00:00,2024-03-04,25422542000,ｶｽﾀｰﾄﾞﾎｲｯﾌﾟ-TL 10K,10.0,3408,20240318,
2024-03-18 00:00:00,2024-03-04,25422532000,ｶｽﾀｰﾄﾞﾎｲｯﾌﾟ-TL,12.96,2592,20240318,
2024-03-17 00:00:00,2024-03-04,26331743000,ﾎﾙﾝEX 10K,10.0,4000,20240321,
,2024-03-05,25417842000,ﾘｽﾎｲﾂﾌﾟV335,10.0,10500,20240315,
,2024-03-05,25805242000,MB-プライムEF（R),10.0,5000,20240313,
,2024-03-06,25431543000,ﾃﾞｻﾞｰﾄC40(ﾎｯｶｲﾄﾞｳC),10.0,1500,20240322,
,2024-03-06,25460142000,ＴＡホイップ,10.0,10000,20240319,
,2024-03-07,25431442000,ﾊｲｸﾘｰﾑ39,10.0,6000,20240323,
,2024-03-07,26315142000,ﾌﾟﾗｲﾑF,10.0,6000,20240323,
,2024-03-07,26315432000,フォーカスC(1L)*,13.32,5000,20240318,
2024-03-22 00:00:00,2024-03-07,26315432000,フォーカスC(1L)*,13.32,5000,20240330,
2024-03-22 00:00:00,2024-03-07,25431543000,ﾃﾞｻﾞｰﾄC40(ﾎｯｶｲﾄﾞｳC),10.0,2000,20240322,
2024-04-01 00:00:00,2024-03-07,25407942000,ｴｰｽﾎｲｯﾌﾟV45(10K),10.0,6000,20240408,
2024-04-01 00:00:00,2024-03-07,25411643000,ﾃﾞｻﾞｰﾄｸﾘｰﾑV30RN,10.0,10500,20240404,
,2024-03-07,25415843000,ﾃﾞｻﾞ-ﾄｸﾘ-ﾑDO,10.0,10500,20240330,
,2024-03-07,25415843000,ﾃﾞｻﾞ-ﾄｸﾘ-ﾑDO,10.0,10500,20240330,
2024-04-01 00:00:00,2024-03-07,25415843000,ﾃﾞｻﾞ-ﾄｸﾘ-ﾑDO,10.0,10500,20240408,
2024-04-01 00:00:00,2024-03-07,25415843000,ﾃﾞｻﾞ-ﾄｸﾘ-ﾑDO,10.0,10500,20240408,
2024-04-01 00:00:00,2024-03-07,25415843000,ﾃﾞｻﾞ-ﾄｸﾘ-ﾑDO,10.0,10500,20240415,
2024-04-01 00:00:00,2024-03-07,25415843000,ﾃﾞｻﾞ-ﾄｸﾘ-ﾑDO,10.0,10500,20240415,
2024-04-06 00:00:00,2024-03-07,25415943000,ｴ-ｽﾎｲﾂﾌﾟV30,10.0,10500,20240410,
2024-04-06 00:00:00,2024-03-07,25415943000,ｴ-ｽﾎｲﾂﾌﾟV30,10.0,10500,20240410,
2024-04-01 00:00:00,2024-03-07,25416432000,ｽﾍﾟｼｬﾙﾎｲｯﾌﾟ-TL,12.12,10500,20240408,
2024-04-08 00:00:00,2024-03-07,25416442000,ｽﾍﾟｼｬﾙﾎｲｯﾌﾟ-TL 10K,10.0,10500,20240415,
,2024-03-07,25420142000,ﾌﾞﾚﾝﾄﾞﾎｲﾂﾌﾟFD,10.0,10500,20240404,
,2024-03-07,25420142000,ﾌﾞﾚﾝﾄﾞﾎｲﾂﾌﾟFD,10.0,10500,20240404,
2024-04-01 00:00:00,2024-03-07,25420142000,ﾌﾞﾚﾝﾄﾞﾎｲﾂﾌﾟFD,10.0,10500,20240408,
2024-04-01 00:00:00,2024-03-07,25420142000,ﾌﾞﾚﾝﾄﾞﾎｲﾂﾌﾟFD,10.0,10500,20240408,
2024-04-01 00:00:00,2024-03-07,25420142000,ﾌﾞﾚﾝﾄﾞﾎｲﾂﾌﾟFD,10.0,10500,20240411,
2024-04-01 00:00:00,2024-03-07,25420142000,ﾌﾞﾚﾝﾄﾞﾎｲﾂﾌﾟFD,10.0,10500,20240411,
2024-04-08 00:00:00,2024-03-07,25420142000,ﾌﾞﾚﾝﾄﾞﾎｲﾂﾌﾟFD,10.0,10500,20240415,
2024-04-08 00:00:00,2024-03-07,25420142000,ﾌﾞﾚﾝﾄﾞﾎｲﾂﾌﾟFD,10.0,10500,20240415,
2024-04-01 00:00:00,2024-03-07,25421643000,ｶｽﾀｰﾄﾞﾎｲﾂﾌﾟM,10.0,6200,20240408,
2024-04-08 00:00:00,2024-03-07,25421643000,ｶｽﾀｰﾄﾞﾎｲﾂﾌﾟM,10.0,6200,20240415,
2024-03-16 00:00:00,2024-03-07,25422233000,ﾃﾞﾗﾂｸｽﾎｲﾂﾌﾟ-TL,12.12,3630,20240316,
2024-03-16 00:00:00,2024-03-07,25422242000,ﾃﾞﾗﾂｸｽﾎｲﾂﾌﾟTL(10K),10.0,6870,20240316,
2024-04-06 00:00:00,2024-03-07,25422242000,ﾃﾞﾗﾂｸｽﾎｲﾂﾌﾟTL(10K),10.0,10500,20240410,
2024-03-13 00:00:00,2024-03-07,25422532000,ｶｽﾀｰﾄﾞﾎｲｯﾌﾟ-TL,12.96,2980,20240313,
2024-03-13 00:00:00,2024-03-07,25422542000,ｶｽﾀｰﾄﾞﾎｲｯﾌﾟ-TL 10K,10.0,3020,20240313,
2024-04-08 00:00:00,2024-03-07,25422542000,ｶｽﾀｰﾄﾞﾎｲｯﾌﾟ-TL 10K,10.0,6000,20240415,
2024-04-01 00:00:00,2024-03-07,25424633000,ｴ-ｽｶﾞﾅﾂｼﾕﾎｲﾂﾌﾟ,13.32,3330,20240404,
2024-04-01 00:00:00,2024-03-07,25424642000,ｴ-ｽｶﾞﾅﾂｼﾕﾎｲﾂﾌﾟ 10K,10.0,7170,20240404,
2024-04-08 00:00:00,2024-03-07,25424933000,ｴｰｽﾎｲｯﾌﾟ19(1L),12.0,6000,20240415,
,2024-03-07,25426132000,ﾘｽﾎｲﾂﾌﾟ19,12.01,5000,20240325,
2024-04-08 00:00:00,2024-03-07,25427842000,加糖クリームDO,10.0,10500,20240415,
2024-04-08 00:00:00,2024-03-07,25427842000,加糖クリームDO,10.0,10500,20240415,
,2024-03-07,25428444000,ｶﾞﾅﾂｼﾕﾎｲﾂﾌﾟ30,10.0,10500,20240403,
2024-04-08 00:00:00,2024-03-07,25459342000,ﾌﾚﾝﾁﾄｰｽﾄｺｰﾃｨﾝｸﾞR,10.0,10500,20240415,
2024-04-01 00:00:00,2024-03-07,25459942000,セレステホイップR,10.0,10500,20240408,
2024-04-01 00:00:00,2024-03-07,25459942000,セレステホイップR,10.0,10500,20240408,
2024-04-01 00:00:00,2024-03-07,25459942000,セレステホイップR,10.0,6200,20240408,
2024-04-01 00:00:00,2024-03-07,25459942000,セレステホイップR,10.0,10500,20240415,
2024-04-01 00:00:00,2024-03-07,25459942000,セレステホイップR,10.0,10500,20240415,
2024-04-01 00:00:00,2024-03-07,25459942000,セレステホイップR,10.0,6200,20240415,
,2024-03-07,25460932000,ﾋﾟｭｱﾌﾞﾚﾝﾄﾞﾎｲｯﾌﾟR,12.3,6000,20240330,
2024-04-01 00:00:00,2024-03-07,25493643000,ｴｰｽﾎｲｯﾌﾟV38 10K,10.0,10500,20240408,
2024-04-08 00:00:00,2024-03-07,25800942000,MB-ｴｰｽﾎｲｯﾌﾟV30,10.0,10500,20240415,
,2024-03-07,25803142000,ｶﾞﾅｯｼｭﾎｲｯﾌﾟFC,10.0,6000,20240330,
2024-04-06 00:00:00,2024-03-07,26311543000,ﾌﾟﾗｲﾑEF(R) 10K,10.0,6000,20240410,
2024-04-08 00:00:00,2024-03-07,26313542000,ﾎﾙﾝYK,10.0,11000,20240415,
2024-04-08 00:00:00,2024-03-07,26313542000,ﾎﾙﾝYK,10.0,6200,20240415,
,2024-03-07,26314442000,ビオラモイスト,10.0,10500,20240330,
2024-04-01 00:00:00,2024-03-07,26314742000,プライムFC,10.0,4000,20240406,
2024-04-01 00:00:00,2024-03-07,26315442000,フォーカスC(15ｋ),15.0,6000,20240404,
,2024-03-07,26315542000,ﾎﾙﾝDX-WR,15.0,11000,20240406,
,2024-03-07,26315542000,ﾎﾙﾝDX-WR,15.0,11000,20240406,
2024-04-01 00:00:00,2024-03-07,26315542000,ﾎﾙﾝDX-WR,15.0,11000,20240408,
2024-04-01 00:00:00,2024-03-07,26315542000,ﾎﾙﾝDX-WR,15.0,11000,20240408,
2024-04-01 00:00:00,2024-03-07,26315542000,ﾎﾙﾝDX-WR,15.0,11000,20240408,
2024-04-01 00:00:00,2024-03-07,26315542000,ﾎﾙﾝDX-WR,15.0,11000,20240408,
2024-04-08 00:00:00,2024-03-07,26315542000,ﾎﾙﾝDX-WR,15.0,11000,20240415,
2024-04-08 00:00:00,2024-03-07,26315542000,ﾎﾙﾝDX-WR,15.0,11000,20240415,
2024-04-08 00:00:00,2024-03-07,26315542000,ﾎﾙﾝDX-WR,15.0,11000,20240415,
2024-04-08 00:00:00,2024-03-07,26315542000,ﾎﾙﾝDX-WR,15.0,11000,20240415,
2024-04-08 00:00:00,2024-03-07,26330142000,ﾎﾙﾝ 10K ｼﾖ-ﾘ-,10.0,10500,20240412,
2024-04-01 00:00:00,2024-03-07,26333742000,ﾘｽｽ-ﾊﾟ-ﾎﾜｲﾄS 10K,10.0,6000,20240406,
,2024-03-07,26383342000,ﾂﾔﾀﾞｼﾊﾟﾝｺ-ﾄIII 10K,10.0,6040,20240406,
2024-04-08 00:00:00,2024-03-07,26383342000,ﾂﾔﾀﾞｼﾊﾟﾝｺ-ﾄIII 10K,10.0,6040,20240415,
,2024-03-07,26681442000,LAPANクリーム,10.0,4000,20240318,
,2024-03-07,26312842000,ﾎﾙﾝｴｸｾﾙ,10.0,5000,20240318,
2024-03-22 00:00:00,2024-03-11,25459942000,セレステホイップR,10.0,10500,20240322,
2024-03-22 00:00:00,2024-03-11,25459942000,セレステホイップR,10.0,10500,20240322,
2024-03-22 00:00:00,2024-03-11,25459942000,セレステホイップR,10.0,6200,20240322,
,2024-03-11,25461542000,フレシオホイップ,10.0,3000,20240322,
2024-04-01 00:00:00,2024-03-11,25461542000,フレシオホイップ,10.0,10500,20240408,
2024-04-01 00:00:00,2024-03-11,25461542000,フレシオホイップ,10.0,10500,20240408,
2024-04-10 00:00:00,2024-03-11,25461542000,フレシオホイップ,10.0,10500,20240415,
2024-04-10 00:00:00,2024-03-11,25461542000,フレシオホイップ,10.0,10500,20240415,
,2024-03-13,26314642000,リキッドアルファ-Ｋ,10.0,3000,20240322,
2024-03-17 00:00:00,2024-03-14,25424933000,ｴｰｽﾎｲｯﾌﾟ19(1L),12.0,5300,20240317,
2024-03-17 00:00:00,2024-03-14,25424943000,ｴｰｽﾎｲｯﾌﾟ19(10K),10.0,700,20240317,
2024-04-03 00:00:00,2024-03-14,26384744000,ﾐﾙｸﾉﾐﾈﾗﾙL10(10K),10.0,6000,20240403,
2024-04-10 00:00:00,2024-03-14,25411643000,ﾃﾞｻﾞｰﾄｸﾘｰﾑV30RN,10.0,10500,20240415,
,2024-03-14,25800942000,MB-ｴｰｽﾎｲｯﾌﾟV30,10.0,10500,20240330,
2024-03-23 00:00:00,2024-03-18,25429751000,ﾉﾝﾃﾞｲﾘ-ｸﾘ-ﾏ-CCA-1DMA,190.0,6500,20240323,
2024-03-23 00:00:00,2024-03-18,25429742000,ﾉﾝﾃﾞｲﾘｰｸﾘｰﾏｰCCA-1CSA,15.0,3900,20240323,
2024-04-07 00:00:00,2024-03-18,25429751000,ﾉﾝﾃﾞｲﾘ-ｸﾘ-ﾏ-CCA-1DMA,190.0,10400,20240411,
2024-04-07 00:00:00,2024-03-18,25429751000,ﾉﾝﾃﾞｲﾘ-ｸﾘ-ﾏ-CCA-1DMA,190.0,10400,20240411,
2024-04-14 00:00:00,2024-03-18,25429751000,ﾉﾝﾃﾞｲﾘ-ｸﾘ-ﾏ-CCA-1DMA,190.0,10400,20240418,
2024-04-14 00:00:00,2024-03-18,25429751000,ﾉﾝﾃﾞｲﾘ-ｸﾘ-ﾏ-CCA-1DMA,190.0,10400,20240418,
2024-04-21 00:00:00,2024-03-18,25429751000,ﾉﾝﾃﾞｲﾘ-ｸﾘ-ﾏ-CCA-1DMA,190.0,10400,20240425,
2024-04-21 00:00:00,2024-03-18,25429751000,ﾉﾝﾃﾞｲﾘ-ｸﾘ-ﾏ-CCA-1DMA,190.0,10400,20240425,
2024-03-25 00:00:00,2024-03-18,25460251000,NDC CCA-2 LS DMA,190.0,10390,20240325,
2024-04-05 00:00:00,2024-03-18,25460251000,NDC CCA-2 LS DMA,190.0,10390,20240405,
2024-04-01 00:00:00,2024-03-19,25428444000,ｶﾞﾅﾂｼﾕﾎｲﾂﾌﾟ30,10.0,10500,20240408,
,2024-03-19,25411543000,ﾃﾞｻﾞｰﾄｸﾘｰﾑV35RN,10.0,10500,20240403,
,2024-03-21,26314742000,プライムFC,10.0,3000,20240406,
,2024-03-21,26315442000,フォーカスC(15ｋ),15.0,4998,20240404,
2024-04-09 00:00:00,2024-03-22,25407942000,ｴｰｽﾎｲｯﾌﾟV45(10K),10.0,6000,20240415,
,2024-03-22,25415843000,ﾃﾞｻﾞ-ﾄｸﾘ-ﾑDO,10.0,10500,20240417,
,2024-03-22,25415843000,ﾃﾞｻﾞ-ﾄｸﾘ-ﾑDO,10.0,10500,20240417,
2024-04-15 00:00:00,2024-03-22,25415843000,ﾃﾞｻﾞ-ﾄｸﾘ-ﾑDO,10.0,10500,20240422,
2024-04-15 00:00:00,2024-03-22,25415843000,ﾃﾞｻﾞ-ﾄｸﾘ-ﾑDO,10.0,10500,20240422,
,2024-03-22,25415943000,ｴ-ｽﾎｲﾂﾌﾟV30,10.0,10500,20240417,
,2024-03-22,25415943000,ｴ-ｽﾎｲﾂﾌﾟV30,10.0,10500,20240417,
,2024-03-22,25420142000,ﾌﾞﾚﾝﾄﾞﾎｲﾂﾌﾟFD,10.0,10500,20240417,
,2024-03-22,25420142000,ﾌﾞﾚﾝﾄﾞﾎｲﾂﾌﾟFD,10.0,10500,20240417,
2024-04-15 00:00:00,2024-03-22,25420142000,ﾌﾞﾚﾝﾄﾞﾎｲﾂﾌﾟFD,10.0,10500,20240422,
2024-04-15 00:00:00,2024-03-22,25420142000,ﾌﾞﾚﾝﾄﾞﾎｲﾂﾌﾟFD,10.0,10500,20240422,
,2024-03-22,25421643000,ｶｽﾀｰﾄﾞﾎｲﾂﾌﾟM,10.0,6200,20240415,
,2024-03-22,25421643000,ｶｽﾀｰﾄﾞﾎｲﾂﾌﾟM,10.0,6200,20240420,
,2024-03-22,25422233000,ﾃﾞﾗﾂｸｽﾎｲﾂﾌﾟ-TL,12.12,2181,20240415,
2024-04-10 00:00:00,2024-03-22,25422242000,ﾃﾞﾗﾂｸｽﾎｲﾂﾌﾟTL(10K),10.0,8318,20240415,
,2024-03-22,25422532000,ｶｽﾀｰﾄﾞﾎｲｯﾌﾟ-TL,12.96,3110,20240415,
,2024-03-22,25422542000,ｶｽﾀｰﾄﾞﾎｲｯﾌﾟ-TL 10K,10.0,2890,20240415,
2024-04-15 00:00:00,2024-03-22,25422542000,ｶｽﾀｰﾄﾞﾎｲｯﾌﾟ-TL 10K,10.0,6000,20240420,
,2024-03-22,25424633000,ｴ-ｽｶﾞﾅﾂｼﾕﾎｲﾂﾌﾟ,13.32,3990,20240404,
,2024-03-22,25424642000,ｴ-ｽｶﾞﾅﾂｼﾕﾎｲﾂﾌﾟ 10K,10.0,6510,20240404,
,2024-03-22,25424642000,ｴ-ｽｶﾞﾅﾂｼﾕﾎｲﾂﾌﾟ 10K,10.0,10500,20240413,
,2024-03-22,25424642000,ｴ-ｽｶﾞﾅﾂｼﾕﾎｲﾂﾌﾟ 10K,10.0,10500,20240420,
2024-04-15 00:00:00,2024-03-22,25442342000,ハイクリームPN,10.0,10500,20240420,
2024-04-15 00:00:00,2024-03-22,25459142000,ﾋﾟﾕｱﾌﾞﾚﾝﾄﾞﾎｲﾂﾌﾟ 10K*,10.0,10500,20240420,
2024-04-15 00:00:00,2024-03-22,25459942000,セレステホイップR,10.0,10500,20240422,
2024-04-15 00:00:00,2024-03-22,25459942000,セレステホイップR,10.0,10500,20240422,
2024-04-15 00:00:00,2024-03-22,25459942000,セレステホイップR,10.0,6200,20240422,
,2024-03-22,25800942000,MB-ｴｰｽﾎｲｯﾌﾟV30,10.0,10500,20240408,
2024-04-15 00:00:00,2024-03-22,25800942000,MB-ｴｰｽﾎｲｯﾌﾟV30,10.0,10500,20240420,
2024-04-12 00:00:00,2024-03-22,25803142000,ｶﾞﾅｯｼｭﾎｲｯﾌﾟFC,10.0,6000,20240418,
,2024-03-22,26311533000,ﾌﾟﾗｲﾑEF(R),12.98,6000,20240411,
,2024-03-22,26312842000,ﾎﾙﾝｴｸｾﾙ,10.0,7000,20240405,
2024-04-15 00:00:00,2024-03-22,26315142000,ﾌﾟﾗｲﾑF,10.0,6000,20240422,
,2024-03-22,26315542000,ﾎﾙﾝDX-WR,15.0,11000,20240422,
,2024-03-22,26315542000,ﾎﾙﾝDX-WR,15.0,11000,20240422,
,2024-03-22,26315542000,ﾎﾙﾝDX-WR,15.0,11000,20240422,
,2024-03-22,26315542000,ﾎﾙﾝDX-WR,15.0,11000,20240422,
,2024-03-22,26315542000,ﾎﾙﾝDX-WR,15.0,11000,20240422,
,2024-03-22,26315542000,ﾎﾙﾝDX-WR,15.0,11000,20240422,
2024-04-15 00:00:00,2024-03-22,26330132000,ﾘｽｼﾞﾙｼ ﾎﾙﾝ,12.88,6000,20240422,
2024-04-11 00:00:00,2024-03-22,26333742000,ﾘｽｽ-ﾊﾟ-ﾎﾜｲﾄS 10K,10.0,6000,20240415,
,2024-03-22,26383342000,ﾂﾔﾀﾞｼﾊﾟﾝｺ-ﾄIII 10K,10.0,6040,20240408,
2024-04-15 00:00:00,2024-03-22,26383342000,ﾂﾔﾀﾞｼﾊﾟﾝｺ-ﾄIII 10K,10.0,6040,20240420,
,2024-03-22,26383632000,ﾂﾔﾊﾟﾝｺ-ﾄ,12.12,3960,20240417,
2024-04-12 00:00:00,2024-03-22,26681442000,LAPANクリーム,10.0,4000,20240417,
,2024-03-22,25419342000,CHRﾎｲﾂﾌﾟ,10.0,10500,20240410,
,2024-03-22,25461042000,ブレンドホイップSP,10.0,3000,20240410,
,2024-03-22,25419242000,ｱｲﾈｽﾎｲﾂﾌﾟ(ﾄｶﾁﾐﾙｸ),10.0,3000,20240406,
,2024-03-25,25419242000,ｱｲﾈｽﾎｲﾂﾌﾟ(ﾄｶﾁﾐﾙｸ),10.0,4000,20240405,
2024-04-15 00:00:00,2024-03-26,25428444000,ｶﾞﾅﾂｼﾕﾎｲﾂﾌﾟ30,10.0,10500,20240422,
2024-04-10 00:00:00,2024-03-26,25416432000,ｽﾍﾟｼｬﾙﾎｲｯﾌﾟ-TL,12.12,10500,20240415,
2024-04-04 00:00:00,2024-03-27,25419342000,CHRﾎｲﾂﾌﾟ,10.0,10500,20240404,
,2024-03-27,25417842000,ﾘｽﾎｲﾂﾌﾟV335,10.0,10500,20240416,
,2024-03-27,25417842000,ﾘｽﾎｲﾂﾌﾟV335,10.0,10500,20240420,
,2024-03-27,25458342000,セレステホイップ,10.0,10500,20240416,
,2024-03-27,26331743000,ﾎﾙﾝEX 10K,10.0,4000,20240417,
,2024-03-29,25459942000,セレステホイップR,10.0,10500,20240423,
,2024-03-29,25459942000,セレステホイップR,10.0,10500,20240423,
,2024-03-29,25459942000,セレステホイップR,10.0,6200,20240423,
,2024-03-29,25459942000,セレステホイップR,10.0,10500,20240430,
,2024-03-29,25459942000,セレステホイップR,10.0,10500,20240430,
,2024-03-29,25459942000,セレステホイップR,10.0,10500,20240430,
,2024-03-29,25459942000,セレステホイップR,10.0,10500,20240430,
,2024-03-29,25459942000,セレステホイップR,10.0,6200,20240430,
,2024-03-29,25459942000,セレステホイップR,10.0,6200,20240430,
2024-04-22 00:00:00,2024-03-29,25414332000,ｸﾚ-ﾑ ﾄﾞ ﾒﾗﾝｼﾞｴ,12.3,6000,20240430,
2024-04-20 00:00:00,2024-03-29,25411543000,ﾃﾞｻﾞｰﾄｸﾘｰﾑV35RN,10.0,10500,20240425,
,2024-04-01,25417842000,ﾘｽﾎｲﾂﾌﾟV335,10.0,10500,20240410,
,2024-04-01,25428444000,ｶﾞﾅﾂｼﾕﾎｲﾂﾌﾟ30,10.0,10500,20240412,
,2024-04-01,25803142000,ｶﾞﾅｯｼｭﾎｲｯﾌﾟFC,10.0,10500,20240418,
2024-04-05 00:00:00,2024-04-02,25458342000,セレステホイップ,10.0,10500,20240405,
2024-04-17 00:00:00,2024-04-02,26385032000,MILK-EM-1　１L×６×2,13.2,132,20240417,
2024-04-18 00:00:00,2024-04-03,25461542000,フレシオホイップ,10.0,10500,20240422,
2024-04-18 00:00:00,2024-04-03,25461542000,フレシオホイップ,10.0,10500,20240422,
2024-04-15 00:00:00,2024-04-03,25805242000,MB-プライムEF（R),10.0,6000,20240424,
,2024-04-03,25419242000,ｱｲﾈｽﾎｲﾂﾌﾟ(ﾄｶﾁﾐﾙｸ),10.0,3000,20240423,
,2024-04-04,26315432000,フォーカスC(1L)*,13.32,6000,20240415,
,2024-04-04,25419242000,ｱｲﾈｽﾎｲﾂﾌﾟ(ﾄｶﾁﾐﾙｸ),10.0,3000,20240420,
,2024-04-04,25460333000,ﾃﾞﾘﾌﾟﾗﾝﾂﾎｲｯﾌﾟ（1L),12.3,2800,20240422,
,2024-04-04,25460343000,ﾃﾞﾘﾌﾟﾗﾝﾂﾎｲｯﾌﾟ,10.0,500,20240422,
2024-04-23 00:00:00,2024-04-05,25530342000,パリッシュｷｬﾗﾒﾙ(ﾀﾞﾝ）,12.0,3000,20240423,
,2024-04-08,25460142000,ＴＡホイップ,10.0,10500,20240422,
2024-05-02 00:00:00,2024-04-08,25460142000,ＴＡホイップ,10.0,6000,20240513,
2024-04-18 00:00:00,2024-04-08,25407942000,ｴｰｽﾎｲｯﾌﾟV45(10K),10.0,6000,20240422,
,2024-04-08,25415843000,ﾃﾞｻﾞ-ﾄｸﾘ-ﾑDO,10.0,10500,20240430,
,2024-04-08,25415843000,ﾃﾞｻﾞ-ﾄｸﾘ-ﾑDO,10.0,10500,20240430,
,2024-04-08,25415843000,ﾃﾞｻﾞ-ﾄｸﾘ-ﾑDO,10.0,10500,20240508,
,2024-04-08,25415843000,ﾃﾞｻﾞ-ﾄｸﾘ-ﾑDO,10.0,10500,20240508,
2024-05-02 00:00:00,2024-04-08,25415843000,ﾃﾞｻﾞ-ﾄｸﾘ-ﾑDO,10.0,10500,20240513,
2024-05-02 00:00:00,2024-04-08,25415843000,ﾃﾞｻﾞ-ﾄｸﾘ-ﾑDO,10.0,10500,20240513,
,2024-04-08,25415943000,ｴ-ｽﾎｲﾂﾌﾟV30,10.0,10500,20240430,
,2024-04-08,25415943000,ｴ-ｽﾎｲﾂﾌﾟV30,10.0,10500,20240430,
2024-05-02 00:00:00,2024-04-08,25415943000,ｴ-ｽﾎｲﾂﾌﾟV30,10.0,10500,20240513,
2024-05-02 00:00:00,2024-04-08,25415943000,ｴ-ｽﾎｲﾂﾌﾟV30,10.0,10500,20240513,
2024-05-02 00:00:00,2024-04-08,25416432000,ｽﾍﾟｼｬﾙﾎｲｯﾌﾟ-TL,12.12,10500,20240509,
2024-05-02 00:00:00,2024-04-08,25416442000,ｽﾍﾟｼｬﾙﾎｲｯﾌﾟ-TL 10K,10.0,10500,20240513,
,2024-04-08,25420142000,ﾌﾞﾚﾝﾄﾞﾎｲﾂﾌﾟFD,10.0,10500,20240430,
,2024-04-08,25420142000,ﾌﾞﾚﾝﾄﾞﾎｲﾂﾌﾟFD,10.0,10500,20240430,
,2024-04-08,25420142000,ﾌﾞﾚﾝﾄﾞﾎｲﾂﾌﾟFD,10.0,10500,20240507,
,2024-04-08,25420142000,ﾌﾞﾚﾝﾄﾞﾎｲﾂﾌﾟFD,10.0,10500,20240507,
2024-05-02 00:00:00,2024-04-08,25420142000,ﾌﾞﾚﾝﾄﾞﾎｲﾂﾌﾟFD,10.0,10500,20240513,
2024-05-02 00:00:00,2024-04-08,25420142000,ﾌﾞﾚﾝﾄﾞﾎｲﾂﾌﾟFD,10.0,10500,20240513,
,2024-04-08,25421643000,ｶｽﾀｰﾄﾞﾎｲﾂﾌﾟM,10.0,6200,20240420,
,2024-04-08,25421643000,ｶｽﾀｰﾄﾞﾎｲﾂﾌﾟM,10.0,6200,20240423,
,2024-04-08,25421643000,ｶｽﾀｰﾄﾞﾎｲﾂﾌﾟM,10.0,6200,20240430,
2024-05-02 00:00:00,2024-04-08,25421643000,ｶｽﾀｰﾄﾞﾎｲﾂﾌﾟM,10.0,6200,20240507,
2024-05-02 00:00:00,2024-04-08,25421643000,ｶｽﾀｰﾄﾞﾎｲﾂﾌﾟM,10.0,6200,20240513,
2024-05-02 00:00:00,2024-04-08,25421643000,ｶｽﾀｰﾄﾞﾎｲﾂﾌﾟM,10.0,6200,20240513,
,2024-04-08,25422233000,ﾃﾞﾗﾂｸｽﾎｲﾂﾌﾟ-TL,12.12,2420,20240415,
,2024-04-08,25422242000,ﾃﾞﾗﾂｸｽﾎｲﾂﾌﾟTL(10K),10.0,8080,20240415,
,2024-04-08,25422242000,ﾃﾞﾗﾂｸｽﾎｲﾂﾌﾟTL(10K),10.0,10500,20240425,
2024-05-02 00:00:00,2024-04-08,25422242000,ﾃﾞﾗﾂｸｽﾎｲﾂﾌﾟTL(10K),10.0,10500,20240511,
,2024-04-08,25424044000,ﾌﾞﾚﾝﾄﾞﾎｲｯﾌﾟFC,10.0,10500,20240507,
,2024-04-08,25424633000,ｴ-ｽｶﾞﾅﾂｼﾕﾎｲﾂﾌﾟ,13.32,2000,20240424,
,2024-04-08,25424642000,ｴ-ｽｶﾞﾅﾂｼﾕﾎｲﾂﾌﾟ 10K,10.0,8500,20240424,
2024-05-02 00:00:00,2024-04-08,25424642000,ｴ-ｽｶﾞﾅﾂｼﾕﾎｲﾂﾌﾟ 10K,10.0,10500,20240513,
,2024-04-08,25424933000,ｴｰｽﾎｲｯﾌﾟ19(1L),12.0,6000,20240423,
2024-05-02 00:00:00,2024-04-08,25424933000,ｴｰｽﾎｲｯﾌﾟ19(1L),12.0,6000,20240510,
,2024-04-08,25426132000,ﾘｽﾎｲﾂﾌﾟ19,12.01,5000,20240425,
,2024-04-08,25427842000,加糖クリームDO,10.0,10500,20240423,
,2024-04-08,25427842000,加糖クリームDO,10.0,10500,20240423,
,2024-04-08,25427842000,加糖クリームDO,10.0,10500,20240430,
,2024-04-08,25427842000,加糖クリームDO,10.0,10500,20240430,
,2024-04-08,25427842000,加糖クリームDO,10.0,10500,20240508,
,2024-04-08,25427842000,加糖クリームDO,10.0,10500,20240508,
2024-05-02 00:00:00,2024-04-08,25427842000,加糖クリームDO,10.0,10500,20240513,
2024-05-02 00:00:00,2024-04-08,25427842000,加糖クリームDO,10.0,10500,20240513,
2024-05-02 00:00:00,2024-04-08,25428444000,ｶﾞﾅﾂｼﾕﾎｲﾂﾌﾟ30,10.0,10500,20240507,
,2024-04-08,25431442000,ﾊｲｸﾘｰﾑ39,10.0,6000,20240424,
2024-05-02 00:00:00,2024-04-08,25459142000,ﾋﾟﾕｱﾌﾞﾚﾝﾄﾞﾎｲﾂﾌﾟ 10K*,10.0,10500,20240514,
,2024-04-08,25459342000,ﾌﾚﾝﾁﾄｰｽﾄｺｰﾃｨﾝｸﾞR,10.0,10500,20240430,
,2024-04-08,25459342000,ﾌﾚﾝﾁﾄｰｽﾄｺｰﾃｨﾝｸﾞR,10.0,10500,20240508,
,2024-04-08,25459942000,セレステホイップR,10.0,10500,20240508,
,2024-04-08,25459942000,セレステホイップR,10.0,10500,20240508,
,2024-04-08,25459942000,セレステホイップR,10.0,6200,20240508,
2024-05-02 00:00:00,2024-04-08,25459942000,セレステホイップR,10.0,10500,20240513,
2024-05-02 00:00:00,2024-04-08,25459942000,セレステホイップR,10.0,10500,20240513,
2024-05-02 00:00:00,2024-04-08,25459942000,セレステホイップR,10.0,6200,20240513,
,2024-04-08,25460932000,ﾋﾟｭｱﾌﾞﾚﾝﾄﾞﾎｲｯﾌﾟR,12.3,6000,20240427,
2024-05-02 00:00:00,2024-04-08,25493643000,ｴｰｽﾎｲｯﾌﾟV38 10K,10.0,10500,20240513,
,2024-04-08,25800942000,MB-ｴｰｽﾎｲｯﾌﾟV30,10.0,10500,20240430,
,2024-04-08,26311543000,ﾌﾟﾗｲﾑEF(R) 10K,10.0,6000,20240425,
2024-05-02 00:00:00,2024-04-08,26311543000,ﾌﾟﾗｲﾑEF(R) 10K,10.0,6000,20240508,
2024-05-02 00:00:00,2024-04-08,26312842000,ﾎﾙﾝｴｸｾﾙ,10.0,6000,20240513,
,2024-04-08,26313542000,ﾎﾙﾝYK,10.0,11000,20240426,
,2024-04-08,26313542000,ﾎﾙﾝYK,10.0,6200,20240426,
2024-05-02 00:00:00,2024-04-08,26313542000,ﾎﾙﾝYK,10.0,11000,20240513,
2024-05-02 00:00:00,2024-04-08,26313542000,ﾎﾙﾝYK,10.0,6200,20240513,
,2024-04-08,26314542000,ホルンSP,10.0,6000,20240430,
,2024-04-08,26314742000,プライムFC,10.0,4000,20240430,
2024-05-02 00:00:00,2024-04-08,26315142000,ﾌﾟﾗｲﾑF,10.0,6000,20240513,
,2024-04-08,26315442000,フォーカスC(15ｋ),15.0,5000,20240427,
,2024-04-08,26315542000,ﾎﾙﾝDX-WR,15.0,11000,20240430,
,2024-04-08,26315542000,ﾎﾙﾝDX-WR,15.0,11000,20240430,
,2024-04-08,26315542000,ﾎﾙﾝDX-WR,15.0,11000,20240430,
,2024-04-08,26315542000,ﾎﾙﾝDX-WR,15.0,11000,20240430,
,2024-04-08,26315542000,ﾎﾙﾝDX-WR,15.0,11000,20240508,
,2024-04-08,26315542000,ﾎﾙﾝDX-WR,15.0,11000,20240508,
,2024-04-08,26315542000,ﾎﾙﾝDX-WR,15.0,11000,20240508,
,2024-04-08,26315542000,ﾎﾙﾝDX-WR,15.0,11000,20240508,
2024-05-02 00:00:00,2024-04-08,26315542000,ﾎﾙﾝDX-WR,15.0,11000,20240513,
2024-05-02 00:00:00,2024-04-08,26315542000,ﾎﾙﾝDX-WR,15.0,11000,20240513,
2024-05-02 00:00:00,2024-04-08,26315542000,ﾎﾙﾝDX-WR,15.0,11000,20240513,
2024-05-02 00:00:00,2024-04-08,26315542000,ﾎﾙﾝDX-WR,15.0,11000,20240513,
2024-04-20 00:00:00,2024-04-08,26330132000,ﾘｽｼﾞﾙｼ ﾎﾙﾝ,12.88,6000,20240424,
2024-05-02 00:00:00,2024-04-08,26330142000,ﾎﾙﾝ 10K ｼﾖ-ﾘ-,10.0,10500,20240513,
2024-05-02 00:00:00,2024-04-08,26331743000,ﾎﾙﾝEX 10K,10.0,4000,20240513,
,2024-04-08,26333742000,ﾘｽｽ-ﾊﾟ-ﾎﾜｲﾄS 10K,10.0,6000,20240430,
,2024-04-08,26383342000,ﾂﾔﾀﾞｼﾊﾟﾝｺ-ﾄIII 10K,10.0,6040,20240508,
,2024-04-09,25421643000,ｶｽﾀｰﾄﾞﾎｲﾂﾌﾟM,10.0,6200,20240430,
,2024-04-10,25442342000,ハイクリームPN,10.0,10500,20240426,
2024-05-06 00:00:00,2024-04-10,25442342000,ハイクリームPN,10.0,10500,20240511,
,2024-04-10,25460642000,ラショルホイップ,10.0,10500,20240427,
,2024-04-10,25460642000,ラショルホイップ,10.0,10500,20240427,
,2024-04-10,25460642000,ラショルホイップ,10.0,10500,20240511,
,2024-04-10,25460642000,ラショルホイップ,10.0,10500,20240511,
,2024-04-11,25800942000,MB-ｴｰｽﾎｲｯﾌﾟV30,10.0,10500,20240430,
,2024-04-11,26315142000,ﾌﾟﾗｲﾑF,10.0,6000,20240430,
,2024-04-12,25411543000,ﾃﾞｻﾞｰﾄｸﾘｰﾑV35RN,10.0,10500,20240422,
,2024-04-15,25424933000,ｴｰｽﾎｲｯﾌﾟ19(1L),12.0,2000,20240430,
,2024-04-15,25424943000,ｴｰｽﾎｲｯﾌﾟ19(10K),10.0,4000,20240430,
2024-04-22 00:00:00,2024-04-15,25461542000,フレシオホイップ,10.0,10500,20240429,
2024-04-24 00:00:00,2024-04-15,25429751000,ﾉﾝﾃﾞｲﾘ-ｸﾘ-ﾏ-CCA-1DMA,190.0,8300,20240424,
2024-04-24 00:00:00,2024-04-15,25429742000,ﾉﾝﾃﾞｲﾘｰｸﾘｰﾏｰCCA-1CSA,15.0,2100,20240424,
,2024-04-15,25460142000,ＴＡホイップ,10.0,10500,20240511,
,2024-04-15,25419342000,CHRﾎｲﾂﾌﾟ,10.0,10500,20240423,
,2024-04-16,25429751000,ﾉﾝﾃﾞｲﾘ-ｸﾘ-ﾏ-CCA-1DMA,190.0,10400,20240508,
2024-05-12 00:00:00,2024-04-16,25429751000,ﾉﾝﾃﾞｲﾘ-ｸﾘ-ﾏ-CCA-1DMA,190.0,10400,20240516,
2024-05-19 00:00:00,2024-04-16,25429751000,ﾉﾝﾃﾞｲﾘ-ｸﾘ-ﾏ-CCA-1DMA,190.0,10400,20240523,
2024-04-19 00:00:00,2024-04-16,25424933000,ｴｰｽﾎｲｯﾌﾟ19(1L),12.0,5500,20240419,
2024-04-19 00:00:00,2024-04-16,25424943000,ｴｰｽﾎｲｯﾌﾟ19(10K),10.0,500,20240419,
,2024-04-17,25419242000,ｱｲﾈｽﾎｲﾂﾌﾟ(ﾄｶﾁﾐﾙｸ),10.0,4000,20240510,
2024-05-15 00:00:00,2024-04-17,25407942000,ｴｰｽﾎｲｯﾌﾟV45(10K),10.0,6000,20240521,
,2024-04-17,25415843000,ﾃﾞｻﾞ-ﾄｸﾘ-ﾑDO,10.0,10500,20240518,
2024-05-15 00:00:00,2024-04-17,25415843000,ﾃﾞｻﾞ-ﾄｸﾘ-ﾑDO,10.0,10500,20240525,
2024-05-13 00:00:00,2024-04-17,25415943000,ｴ-ｽﾎｲﾂﾌﾟV30,10.0,10500,20240518,
,2024-04-17,25416432000,ｽﾍﾟｼｬﾙﾎｲｯﾌﾟ-TL,12.12,10500,20240430,
2024-05-06 00:00:00,2024-04-17,25417842000,ﾘｽﾎｲﾂﾌﾟV335,10.0,10500,20240511,
,2024-04-17,25420142000,ﾌﾞﾚﾝﾄﾞﾎｲﾂﾌﾟFD,10.0,10500,20240520,
,2024-04-17,25420142000,ﾌﾞﾚﾝﾄﾞﾎｲﾂﾌﾟFD,10.0,10500,20240520,
2024-05-15 00:00:00,2024-04-17,25420142000,ﾌﾞﾚﾝﾄﾞﾎｲﾂﾌﾟFD,10.0,10500,20240527,
2024-05-15 00:00:00,2024-04-17,25420142000,ﾌﾞﾚﾝﾄﾞﾎｲﾂﾌﾟFD,10.0,10500,20240527,
2024-05-06 00:00:00,2024-04-17,25421643000,ｶｽﾀｰﾄﾞﾎｲﾂﾌﾟM,10.0,6200,20240515,
2024-05-13 00:00:00,2024-04-17,25421643000,ｶｽﾀｰﾄﾞﾎｲﾂﾌﾟM,10.0,6200,20240518,
2024-05-13 00:00:00,2024-04-17,25421643000,ｶｽﾀｰﾄﾞﾎｲﾂﾌﾟM,10.0,6200,20240522,
2024-05-20 00:00:00,2024-04-17,25421643000,ｶｽﾀｰﾄﾞﾎｲﾂﾌﾟM,10.0,6200,20240527,
,2024-04-17,25422233000,ﾃﾞﾗﾂｸｽﾎｲﾂﾌﾟ-TL,12.12,2780,20240506,
,2024-04-17,25422242000,ﾃﾞﾗﾂｸｽﾎｲﾂﾌﾟTL(10K),10.0,7720,20240506,
2024-05-13 00:00:00,2024-04-17,25422532000,ｶｽﾀｰﾄﾞﾎｲｯﾌﾟ-TL,12.96,1940,20240518,
2024-05-13 00:00:00,2024-04-17,25422542000,ｶｽﾀｰﾄﾞﾎｲｯﾌﾟ-TL 10K,10.0,4059,20240518,
2024-05-13 00:00:00,2024-04-17,25424642000,ｴ-ｽｶﾞﾅﾂｼﾕﾎｲﾂﾌﾟ 10K,10.0,10500,20240523,
2024-05-13 00:00:00,2024-04-17,25424933000,ｴｰｽﾎｲｯﾌﾟ19(1L),12.0,6000,20240520,
2024-05-13 00:00:00,2024-04-17,25427842000,加糖クリームDO,10.0,10500,20240518,
2024-05-13 00:00:00,2024-04-17,25427842000,加糖クリームDO,10.0,10500,20240518,
2024-05-20 00:00:00,2024-04-17,25428444000,ｶﾞﾅﾂｼﾕﾎｲﾂﾌﾟ30,10.0,10500,20240525,
2024-05-13 00:00:00,2024-04-17,25459142000,ﾋﾟﾕｱﾌﾞﾚﾝﾄﾞﾎｲﾂﾌﾟ 10K*,10.0,10500,20240518,
2024-05-13 00:00:00,2024-04-17,25459342000,ﾌﾚﾝﾁﾄｰｽﾄｺｰﾃｨﾝｸﾞR,10.0,10500,20240521,
,2024-04-17,25459942000,セレステホイップR,10.0,10500,20240520,
,2024-04-17,25459942000,セレステホイップR,10.0,10500,20240520,
,2024-04-17,25459942000,セレステホイップR,10.0,6200,20240520,
2024-05-13 00:00:00,2024-04-17,25459942000,セレステホイップR,10.0,10500,20240527,
2024-05-13 00:00:00,2024-04-17,25459942000,セレステホイップR,10.0,10500,20240527,
2024-05-13 00:00:00,2024-04-17,25459942000,セレステホイップR,10.0,6200,20240527,
2024-05-15 00:00:00,2024-04-17,25460932000,ﾋﾟｭｱﾌﾞﾚﾝﾄﾞﾎｲｯﾌﾟR,12.3,6000,20240525,
2024-05-13 00:00:00,2024-04-17,25800942000,MB-ｴｰｽﾎｲｯﾌﾟV30,10.0,10500,20240518,
2024-05-13 00:00:00,2024-04-17,26311533000,ﾌﾟﾗｲﾑEF(R),12.98,6000,20240518,
2024-05-13 00:00:00,2024-04-17,26311543000,ﾌﾟﾗｲﾑEF(R) 10K,10.0,6000,20240520,
2024-05-13 00:00:00,2024-04-17,26313542000,ﾎﾙﾝYK,10.0,11000,20240527,
2024-05-13 00:00:00,2024-04-17,26313542000,ﾎﾙﾝYK,10.0,6200,20240527,
2024-05-13 00:00:00,2024-04-17,26314442000,ビオラモイスト,10.0,10500,20240520,
2024-05-03 00:00:00,2024-04-17,26314542000,ホルンSP,10.0,6000,20240508,
2024-05-03 00:00:00,2024-04-17,26314742000,プライムFC,10.0,4000,20240508,
,2024-04-17,26315432000,フォーカスC(1L)*,13.32,6000,20240430,
2024-05-13 00:00:00,2024-04-17,26315542000,ﾎﾙﾝDX-WR,15.0,11000,20240520,
2024-05-13 00:00:00,2024-04-17,26315542000,ﾎﾙﾝDX-WR,15.0,11000,20240520,
2024-05-13 00:00:00,2024-04-17,26315542000,ﾎﾙﾝDX-WR,15.0,11000,20240520,
2024-05-13 00:00:00,2024-04-17,26315542000,ﾎﾙﾝDX-WR,15.0,11000,20240520,
2024-05-15 00:00:00,2024-04-17,26315542000,ﾎﾙﾝDX-WR,15.0,11000,20240527,
2024-05-15 00:00:00,2024-04-17,26315542000,ﾎﾙﾝDX-WR,15.0,11000,20240527,
2024-05-15 00:00:00,2024-04-17,26315542000,ﾎﾙﾝDX-WR,15.0,11000,20240527,
2024-05-15 00:00:00,2024-04-17,26315542000,ﾎﾙﾝDX-WR,15.0,11000,20240527,
2024-05-20 00:00:00,2024-04-17,26330132000,ﾘｽｼﾞﾙｼ ﾎﾙﾝ,12.88,6000,20240525,
2024-05-03 00:00:00,2024-04-17,26333742000,ﾘｽｽ-ﾊﾟ-ﾎﾜｲﾄS 10K,10.0,6000,20240508,
2024-05-13 00:00:00,2024-04-17,26383342000,ﾂﾔﾀﾞｼﾊﾟﾝｺ-ﾄIII 10K,10.0,6040,20240524,
2024-05-03 00:00:00,2024-04-17,26383632000,ﾂﾔﾊﾟﾝｺ-ﾄ,12.12,3960,20240513,
,2024-04-17,26681442000,LAPANクリーム,10.0,4000,20240518,
2024-04-23 00:00:00,2024-04-17,25424633000,ｴ-ｽｶﾞﾅﾂｼﾕﾎｲﾂﾌﾟ,13.32,2670,20240423,
2024-04-23 00:00:00,2024-04-17,25424642000,ｴ-ｽｶﾞﾅﾂｼﾕﾎｲﾂﾌﾟ 10K,10.0,7830,20240423,
,2024-04-18,25458342000,セレステホイップ,10.0,10500,20240426,
2024-05-24 00:00:00,2024-04-22,25429751000,ﾉﾝﾃﾞｲﾘ-ｸﾘ-ﾏ-CCA-1DMA,190.0,10400,20240524,
2024-05-24 00:00:00,2024-04-22,25429751000,ﾉﾝﾃﾞｲﾘ-ｸﾘ-ﾏ-CCA-1DMA,190.0,10400,20240524,
,2024-04-22,26331743000,ﾎﾙﾝEX 10K,10.0,4000,20240506,
,2024-04-22,25461542000,フレシオホイップ,10.0,10500,20240511,
,2024-04-22,25461542000,フレシオホイップ,10.0,10500,20240511,
,2024-04-22,25461542000,フレシオホイップ,10.0,10500,20240525,
,2024-04-22,25461542000,フレシオホイップ,10.0,10500,20240525,
2024-05-07 00:00:00,2024-04-22,25416442000,ｽﾍﾟｼｬﾙﾎｲｯﾌﾟ-TL 10K,10.0,10500,20240507,
2024-05-08 00:00:00,2024-04-24,26383632000,ﾂﾔﾊﾟﾝｺ-ﾄ,12.12,3960,20240508,
,2024-04-30,26331743000,ﾎﾙﾝEX 10K,10.0,4000,20240521,
2024-05-10 00:00:00,2024-04-30,26384642000,MILK-EM-1,10.0,6204,20240510,
2024-05-27 00:00:00,2024-04-30,25429751000,ﾉﾝﾃﾞｲﾘ-ｸﾘ-ﾏ-CCA-1DMA,190.0,10400,20240527,
2024-05-27 00:00:00,2024-04-30,25429751000,ﾉﾝﾃﾞｲﾘ-ｸﾘ-ﾏ-CCA-1DMA,190.0,10400,20240527,
2024-05-17 00:00:00,2024-04-30,25460251000,NDC CCA-2 LS DMA,190.0,10390,20240517,
,2024-05-02,25460142000,ＴＡホイップ,10.0,10500,20240520,
2024-05-20 00:00:00,2024-05-08,25411543000,ﾃﾞｻﾞｰﾄｸﾘｰﾑV35RN,10.0,10500,20240522,
2024-05-22 00:00:00,2024-05-08,25411643000,ﾃﾞｻﾞｰﾄｸﾘｰﾑV30RN,10.0,10500,20240531,
,2024-05-08,25415843000,ﾃﾞｻﾞ-ﾄｸﾘ-ﾑDO,10.0,10500,20240523,
,2024-05-08,25415843000,ﾃﾞｻﾞ-ﾄｸﾘ-ﾑDO,10.0,10500,20240523,
2024-05-22 00:00:00,2024-05-08,25415843000,ﾃﾞｻﾞ-ﾄｸﾘ-ﾑDO,10.0,10500,20240531,
2024-05-22 00:00:00,2024-05-08,25415843000,ﾃﾞｻﾞ-ﾄｸﾘ-ﾑDO,10.0,10500,20240531,
2024-05-27 00:00:00,2024-05-08,25415843000,ﾃﾞｻﾞ-ﾄｸﾘ-ﾑDO,10.0,10500,20240603,
2024-05-27 00:00:00,2024-05-08,25415843000,ﾃﾞｻﾞ-ﾄｸﾘ-ﾑDO,10.0,10500,20240603,
2024-05-22 00:00:00,2024-05-08,25415943000,ｴ-ｽﾎｲﾂﾌﾟV30,10.0,10500,20240531,
,2024-05-08,25416442000,ｽﾍﾟｼｬﾙﾎｲｯﾌﾟ-TL 10K,10.0,10500,20240522,
,2024-05-08,25420142000,ﾌﾞﾚﾝﾄﾞﾎｲﾂﾌﾟFD,10.0,10500,20240531,
,2024-05-08,25420142000,ﾌﾞﾚﾝﾄﾞﾎｲﾂﾌﾟFD,10.0,10500,20240531,
2024-05-22 00:00:00,2024-05-08,25420142000,ﾌﾞﾚﾝﾄﾞﾎｲﾂﾌﾟFD,10.0,10500,20240603,
2024-05-22 00:00:00,2024-05-08,25420142000,ﾌﾞﾚﾝﾄﾞﾎｲﾂﾌﾟFD,10.0,10500,20240603,
2024-05-20 00:00:00,2024-05-08,25422242000,ﾃﾞﾗﾂｸｽﾎｲﾂﾌﾟTL(10K),10.0,10500,20240525,
,2024-05-08,25422532000,ｶｽﾀｰﾄﾞﾎｲｯﾌﾟ-TL,12.96,2590,20240518,
,2024-05-08,25422542000,ｶｽﾀｰﾄﾞﾎｲｯﾌﾟ-TL 10K,10.0,3410,20240518,
2024-05-22 00:00:00,2024-05-08,25424633000,ｴ-ｽｶﾞﾅﾂｼﾕﾎｲﾂﾌﾟ,13.32,2660,20240527,
2024-05-22 00:00:00,2024-05-08,25424642000,ｴ-ｽｶﾞﾅﾂｼﾕﾎｲﾂﾌﾟ 10K,10.0,7840,20240527,
,2024-05-08,25424933000,ｴｰｽﾎｲｯﾌﾟ19(1L),12.0,6000,20240531,
,2024-05-08,25426132000,ﾘｽﾎｲﾂﾌﾟ19,12.01,5000,20240522,
,2024-05-08,25427842000,加糖クリームDO,10.0,10500,20240527,
,2024-05-08,25427842000,加糖クリームDO,10.0,10500,20240527,
2024-05-22 00:00:00,2024-05-08,25427842000,加糖クリームDO,10.0,10500,20240603,
2024-05-22 00:00:00,2024-05-08,25427842000,加糖クリームDO,10.0,10500,20240603,
2024-05-25 00:00:00,2024-05-08,25431442000,ﾊｲｸﾘｰﾑ39,10.0,6000,20240531,
2024-05-22 00:00:00,2024-05-08,25459342000,ﾌﾚﾝﾁﾄｰｽﾄｺｰﾃｨﾝｸﾞR,10.0,10500,20240531,
,2024-05-08,25459942000,セレステホイップR,10.0,6200,20240527,
,2024-05-08,25459942000,セレステホイップR,10.0,10500,20240527,
,2024-05-08,25459942000,セレステホイップR,10.0,10500,20240527,
2024-05-22 00:00:00,2024-05-08,25459942000,セレステホイップR,10.0,6200,20240603,
2024-05-22 00:00:00,2024-05-08,25459942000,セレステホイップR,10.0,10500,20240603,
2024-05-22 00:00:00,2024-05-08,25459942000,セレステホイップR,10.0,10500,20240603,
2024-05-22 00:00:00,2024-05-08,25460932000,ﾋﾟｭｱﾌﾞﾚﾝﾄﾞﾎｲｯﾌﾟR,12.3,6000,20240531,
2024-05-22 00:00:00,2024-05-08,25800942000,MB-ｴｰｽﾎｲｯﾌﾟV30,10.0,10500,20240527,
2024-05-27 00:00:00,2024-05-08,26311543000,ﾌﾟﾗｲﾑEF(R) 10K,10.0,6000,20240603,
2024-05-22 00:00:00,2024-05-08,26315142000,ﾌﾟﾗｲﾑF,10.0,6000,20240531,
2024-05-27 00:00:00,2024-05-08,26315432000,フォーカスC(1L)*,13.32,6000,20240603,
2024-05-22 00:00:00,2024-05-08,26315442000,フォーカスC(15ｋ),15.0,5000,20240527,
,2024-05-08,26315542000,ﾎﾙﾝDX-WR,15.0,11000,20240603,
,2024-05-08,26315542000,ﾎﾙﾝDX-WR,15.0,11000,20240603,
,2024-05-08,26315542000,ﾎﾙﾝDX-WR,15.0,11000,20240603,
,2024-05-08,26315542000,ﾎﾙﾝDX-WR,15.0,11000,20240603,
2024-05-22 00:00:00,2024-05-08,26383342000,ﾂﾔﾀﾞｼﾊﾟﾝｺ-ﾄIII 10K,10.0,6040,20240603,
,2024-05-09,25414332000,ｸﾚ-ﾑ ﾄﾞ ﾒﾗﾝｼﾞｴ,12.3,6000,20240531,
2024-05-23 00:00:00,2024-05-09,26331743000,ﾎﾙﾝEX 10K,10.0,4000,20240527,
,2024-05-09,25419242000,ｱｲﾈｽﾎｲﾂﾌﾟ(ﾄｶﾁﾐﾙｸ),10.0,4000,20240531,
,2024-05-10,25429751000,ﾉﾝﾃﾞｲﾘ-ｸﾘ-ﾏ-CCA-1DMA,190.0,10400,20240521,
,2024-05-10,25429751000,ﾉﾝﾃﾞｲﾘ-ｸﾘ-ﾏ-CCA-1DMA,190.0,10400,20240521,
,2024-05-10,25429751000,ﾉﾝﾃﾞｲﾘ-ｸﾘ-ﾏ-CCA-1DMA,190.0,10400,20240531,
,2024-05-10,25429751000,ﾉﾝﾃﾞｲﾘ-ｸﾘ-ﾏ-CCA-1DMA,190.0,10400,20240531,
2024-06-03 00:00:00,2024-05-13,25429751000,ﾉﾝﾃﾞｲﾘ-ｸﾘ-ﾏ-CCA-1DMA,190.0,10400,20240606,
,2024-05-14,25460142000,ＴＡホイップ,10.0,10500,20240527,
,2024-05-14,25458342000,セレステホイップ,10.0,10500,20240521,
,2024-05-15,25460642000,ラショルホイップ,10.0,10500,20240524,
,2024-05-15,25460642000,ラショルホイップ,10.0,10500,20240524,
,2024-05-15,25460642000,ラショルホイップ,10.0,10500,20240610,
,2024-05-15,25460642000,ラショルホイップ,10.0,10500,20240610,
2024-05-30 00:00:00,2024-05-15,26331743000,ﾎﾙﾝEX 10K,10.0,4000,20240603,
2024-05-29 00:00:00,2024-05-15,25417842000,ﾘｽﾎｲﾂﾌﾟV335,10.0,10500,20240603,
2024-06-01 00:00:00,2024-05-16,26315142000,ﾌﾟﾗｲﾑF,10.0,6000,20240607,
2024-05-20 00:00:00,2024-05-16,25411543000,ﾃﾞｻﾞｰﾄｸﾘｰﾑV35RN,10.0,8000,20240520,
2024-06-07 00:00:00,2024-05-17,25407942000,ｴｰｽﾎｲｯﾌﾟV45(10K),10.0,6000,20240613,
,2024-05-17,25411643000,ﾃﾞｻﾞｰﾄｸﾘｰﾑV30RN,10.0,9000,20240531,
,2024-05-17,25415843000,ﾃﾞｻﾞ-ﾄｸﾘ-ﾑDO,10.0,10500,20240610,
,2024-05-17,25415843000,ﾃﾞｻﾞ-ﾄｸﾘ-ﾑDO,10.0,10500,20240610,
2024-06-10 00:00:00,2024-05-17,25415843000,ﾃﾞｻﾞ-ﾄｸﾘ-ﾑDO,10.0,10500,20240617,
2024-06-10 00:00:00,2024-05-17,25415843000,ﾃﾞｻﾞ-ﾄｸﾘ-ﾑDO,10.0,10500,20240617,
2024-06-10 00:00:00,2024-05-17,25415843000,ﾃﾞｻﾞ-ﾄｸﾘ-ﾑDO,10.0,10500,20240617,
2024-06-10 00:00:00,2024-05-17,25415843000,ﾃﾞｻﾞ-ﾄｸﾘ-ﾑDO,10.0,10500,20240617,
,2024-05-17,25415943000,ｴ-ｽﾎｲﾂﾌﾟV30,10.0,10500,20240605,
,2024-05-17,25415943000,ｴ-ｽﾎｲﾂﾌﾟV30,10.0,10500,20240610,
2024-06-10 00:00:00,2024-05-17,25415943000,ｴ-ｽﾎｲﾂﾌﾟV30,10.0,10500,20240615,
,2024-05-17,25416432000,ｽﾍﾟｼｬﾙﾎｲｯﾌﾟ-TL,12.12,10500,20240606,
2024-06-10 00:00:00,2024-05-17,25416442000,ｽﾍﾟｼｬﾙﾎｲｯﾌﾟ-TL 10K,10.0,10500,20240617,
,2024-05-17,25420142000,ﾌﾞﾚﾝﾄﾞﾎｲﾂﾌﾟFD,10.0,10500,20240610,
,2024-05-17,25420142000,ﾌﾞﾚﾝﾄﾞﾎｲﾂﾌﾟFD,10.0,10500,20240610,
2024-06-10 00:00:00,2024-05-17,25420142000,ﾌﾞﾚﾝﾄﾞﾎｲﾂﾌﾟFD,10.0,10500,20240617,
2024-06-10 00:00:00,2024-05-17,25420142000,ﾌﾞﾚﾝﾄﾞﾎｲﾂﾌﾟFD,10.0,10500,20240617,
,2024-05-17,25422233000,ﾃﾞﾗﾂｸｽﾎｲﾂﾌﾟ-TL,12.12,2420,20240603,
,2024-05-17,25422242000,ﾃﾞﾗﾂｸｽﾎｲﾂﾌﾟTL(10K),10.0,8080,20240603,
2024-06-10 00:00:00,2024-05-17,25422542000,ｶｽﾀｰﾄﾞﾎｲｯﾌﾟ-TL 10K,10.0,6000,20240617,
2024-06-07 00:00:00,2024-05-17,25424642000,ｴ-ｽｶﾞﾅﾂｼﾕﾎｲﾂﾌﾟ 10K,10.0,10500,20240612,
,2024-05-17,25490442000,カスタードホイップDO-2,10.0,7000,20240525,
2024-05-26 00:00:00,2024-05-17,25424933000,ｴｰｽﾎｲｯﾌﾟ19(1L),12.0,6000,20240531,
2024-06-07 00:00:00,2024-05-17,25424933000,ｴｰｽﾎｲｯﾌﾟ19(1L),12.0,6000,20240617,
2024-06-07 00:00:00,2024-05-17,25427842000,加糖クリームDO,10.0,10500,20240615,
2024-06-07 00:00:00,2024-05-17,25427842000,加糖クリームDO,10.0,10500,20240615,
2024-06-10 00:00:00,2024-05-17,25428444000,ｶﾞﾅﾂｼﾕﾎｲﾂﾌﾟ30,10.0,10500,20240617,
,2024-05-17,25459142000,ﾋﾟﾕｱﾌﾞﾚﾝﾄﾞﾎｲﾂﾌﾟ 10K*,10.0,10500,20240605,
2024-06-07 00:00:00,2024-05-17,25459342000,ﾌﾚﾝﾁﾄｰｽﾄｺｰﾃｨﾝｸﾞR,10.0,10500,20240617,
2024-06-07 00:00:00,2024-05-17,25459942000,セレステホイップR,10.0,10500,20240617,
2024-06-07 00:00:00,2024-05-17,25459942000,セレステホイップR,10.0,10500,20240617,
2024-06-07 00:00:00,2024-05-17,25459942000,セレステホイップR,10.0,6200,20240617,
2024-06-10 00:00:00,2024-05-17,25493643000,ｴｰｽﾎｲｯﾌﾟV38 10K,10.0,10500,20240615,
,2024-05-17,25800942000,MB-ｴｰｽﾎｲｯﾌﾟV30,10.0,10500,20240606,
2024-06-07 00:00:00,2024-05-17,25800942000,MB-ｴｰｽﾎｲｯﾌﾟV30,10.0,10500,20240613,
,2024-05-17,26311533000,ﾌﾟﾗｲﾑEF(R),12.98,6000,20240610,
,2024-05-17,26311543000,ﾌﾟﾗｲﾑEF(R) 10K,10.0,6000,20240607,
2024-06-10 00:00:00,2024-05-17,26311543000,ﾌﾟﾗｲﾑEF(R) 10K,10.0,6000,20240617,
,2024-05-17,26312842000,ﾎﾙﾝｴｸｾﾙ,10.0,6000,20240610,
,2024-05-17,26313542000,ﾎﾙﾝYK,10.0,11000,20240615,
,2024-05-17,26313542000,ﾎﾙﾝYK,10.0,6200,20240615,
,2024-05-17,26315542000,ﾎﾙﾝDX-WR,15.0,11000,20240612,
,2024-05-17,26315542000,ﾎﾙﾝDX-WR,15.0,11000,20240612,
,2024-05-17,26315542000,ﾎﾙﾝDX-WR,15.0,11000,20240612,
,2024-05-17,26315542000,ﾎﾙﾝDX-WR,15.0,11000,20240612,
2024-06-10 00:00:00,2024-05-17,26315542000,ﾎﾙﾝDX-WR,15.0,11000,20240618,
2024-06-10 00:00:00,2024-05-17,26315542000,ﾎﾙﾝDX-WR,15.0,11000,20240618,
2024-06-10 00:00:00,2024-05-17,26315542000,ﾎﾙﾝDX-WR,15.0,11000,20240618,
2024-06-10 00:00:00,2024-05-17,26315542000,ﾎﾙﾝDX-WR,15.0,11000,20240618,
,2024-05-17,26330142000,ﾎﾙﾝ 10K ｼﾖ-ﾘ-,10.0,10500,20240606,
2024-06-03 00:00:00,2024-05-17,26333742000,ﾘｽｽ-ﾊﾟ-ﾎﾜｲﾄS 10K,10.0,6000,20240608,
2024-06-12 00:00:00,2024-05-17,25422242000,ﾃﾞﾗﾂｸｽﾎｲﾂﾌﾟTL(10K),10.0,10500,20240612,
2024-05-24 00:00:00,2024-05-20,25490442000,カスタードホイップDO-2,10.0,7000,20240524,
2024-06-10 00:00:00,2024-05-20,25431442000,ﾊｲｸﾘｰﾑ39,10.0,6000,20240615,
,2024-05-22,25442342000,ハイクリームPN,10.0,10500,20240531,
,2024-05-22,25461542000,フレシオホイップ,10.0,10500,20240607,
,2024-05-22,25461542000,フレシオホイップ,10.0,10500,20240607,
2024-06-16 00:00:00,2024-05-22,25461542000,フレシオホイップ,10.0,10500,20240621,
2024-06-16 00:00:00,2024-05-22,25461542000,フレシオホイップ,10.0,10500,20240621,
2024-05-23 00:00:00,2024-05-22,25424933000,ｴｰｽﾎｲｯﾌﾟ19(1L),12.0,2000,20240523,
2024-05-23 00:00:00,2024-05-22,25424943000,ｴｰｽﾎｲｯﾌﾟ19(10K),10.0,4000,20240523,
2024-05-28 00:00:00,2024-05-24,25424642000,ｴ-ｽｶﾞﾅﾂｼﾕﾎｲﾂﾌﾟ 10K,10.0,7170,20240528,
2024-05-28 00:00:00,2024-05-24,25424633000,ｴ-ｽｶﾞﾅﾂｼﾕﾎｲﾂﾌﾟ,13.32,3330,20240528,
